Movie,Theaters,Inflation Adjusted Average,Date,Distributor,Season,Holiday,Month,Date,Year
Texas Chainsaw,2654,8193,1/4/2013,Lionsgate Films,Winter,No,1,4,2013
Insidious: The Last Key,3116,9493,1/5/2018,Universal Pictures,Winter,No,1,5,2018
M3GAN,3509,8671,1/6/2023,Universal Pictures,Winter,No,1,6,2023
The Devil Inside,2285,14762,1/6/2012,Paramount Pictures,Winter,No,1,6,2012
White Noise,2261,10665,1/7/2005,Universal Pictures,Winter,No,1,7,2005
Taken 3,3594,10907,1/9/2015,Twentieth Century Fox,Winter,No,1,9,2015
Stomp the Yard,2051,10645,1/12/2007,Screen Gems,Winter,Yes,1,12,2007
Save the Last Dance,2230,10513,1/12/2001,Paramount Pictures,Winter,Yes,1,12,2001
Contraband,2863,8505,1/13/2012,Universal Pictures,Winter,Yes,1,13,2012
Scream,3664,8192,1/14/2022,Paramount Pictures,Winter,Yes,1,14,2022
The Green Hornet,3584,9354,1/14/2011,Sony Pictures Releasing,Winter,Yes,1,14,2011
Coach Carter,2524,9581,1/14/2005,Paramount Pictures,Winter,Yes,1,14,2005
Ride Along 2,3175,11100,1/15/2016,Universal Pictures,Winter,Yes,1,15,2016
The Book of Eli,3111,10539,1/15/2010,Warner Bros.,Winter,Yes,1,15,2010
Paul Blart: Mall Cop,3144,10124,1/16/2009,Sony Pictures Releasing,Winter,Yes,1,16,2009
Along Came Polly,2984,9289,1/16/2004,Universal Pictures,Winter,Yes,1,16,2004
Bad Boys for Life,3775,16557,1/17/2020,Sony Pictures Releasing,Winter,Yes,1,17,2020
Dolittle,4155,5257,1/17/2020,Universal Pictures,Winter,Yes,1,17,2020
Ride Along,2663,15590,1/17/2014,Universal Pictures,Winter,Yes,1,17,2014
Glass,3841,10499,1/18/2019,Universal Pictures,Winter,Yes,1,18,2019
Mama,2647,10730,1/18/2013,Universal Pictures,Winter,Yes,1,18,2013
Cloverfield,3411,11743,1/18/2008,Paramount Pictures,Winter,Yes,1,18,2008
27 Dresses,3057,7526,1/18/2008,Twentieth Century Fox,Winter,Yes,1,18,2008
Split,3038,13170,1/20/2017,Universal Pictures,Winter,No,1,20,2017
Underworld: Awakening,3078,8221,1/20/2012,Screen Gems,Winter,No,1,20,2012
Underworld: Evolution,3207,8374,1/20/2006,Screen Gems,Winter,No,1,20,2006
Maze Runner: The Death Cure,3787,6381,1/26/2018,Twentieth Century Fox,Winter,No,1,26,2018
Big Momma's House 2,3261,8505,1/27/2006,Twentieth Century Fox,Winter,No,1,27,2006
Hide and Seek,3005,7307,1/28/2005,Twentieth Century Fox,Winter,No,1,28,2005
Kung Fu Panda 3,3955,10437,1/29/2016,Twentieth Century Fox,Winter,No,1,29,2016
Taken,3183,7765,1/30/2009,Twentieth Century Fox,Winter,No,1,30,2009
Star Wars: Episode IV - A New Hope (1997 Special Edition),2104,17065,1/31/1997,Twentieth Century Fox,Winter,No,1,31,1997
Hannah Montana and Miley Cyrus: Best of Both Worlds Concert,683,45560,2/1/2008,Walt Disney Studios Motion Pictures,Winter,No,2,1,2008
Chronicle,2907,7569,2/3/2012,Twentieth Century Fox,Winter,No,2,3,2012
When a Stranger Calls,2999,7204,2/3/2006,Screen Gems,Winter,No,2,3,2006
Jackass Forever,3604,6424,2/4/2022,Paramount Pictures,Winter,No,2,4,2022
Scream 3,3467,10012,2/4/2000,Dimension Films,Winter,No,2,4,2000
Dear John,2969,10262,2/5/2010,Screen Gems,Winter,No,2,5,2010
The SpongeBob Movie: Sponge Out of Water,3641,15205,2/6/2015,Paramount Pictures,Winter,No,2,6,2015
He's Just Not That Into You,3175,8751,2/6/2009,Warner Bros.,Winter,No,2,6,2009
Barbershop 2: Back in Business,2711,8941,2/6/2004,Metro-Goldwyn-Mayer (MGM),Winter,No,2,6,2004
Birds of Prey,4236,7792,2/7/2020,Warner Bros.,Winter,No,2,7,2020
The Lego Movie,3775,18291,2/7/2014,Warner Bros.,Winter,No,2,7,2014
The Monuments Men,3083,7137,2/7/2014,Sony Pictures Releasing,Winter,No,2,7,2014
How to Lose a Guy in 10 Days,2923,8133,2/7/2003,Paramount Pictures,Winter,No,2,7,2003
The Lego Movie 2: The Second Part,4303,7928,2/8/2019,Warner Bros.,Winter,No,2,8,2019
Identity Thief,3141,11000,2/8/2013,Universal Pictures,Winter,No,2,8,2013
Fool's Gold,3125,6908,2/8/2008,Warner Bros.,Winter,No,2,8,2008
Fifty Shades Freed,3768,10233,2/9/2018,Universal Pictures,Winter,No,2,9,2018
Peter Rabbit,3725,6714,2/9/2018,Sony Pictures Releasing,Winter,No,2,9,2018
Norbit,3136,10904,2/9/2007,DreamWorks,Winter,No,2,9,2007
Hannibal,3230,17957,2/9/2001,Metro-Goldwyn-Mayer (MGM),Winter,No,2,9,2001
The Lego Batman Movie,4088,12965,2/10/2017,Warner Bros.,Winter,No,2,10,2017
Fifty Shades Darker,3710,12562,2/10/2017,Universal Pictures,Winter,No,2,10,2017
John Wick: Chapter 2,3113,9777,2/10/2017,Lionsgate Films,Winter,No,2,10,2017
The Vow,2958,13929,2/10/2012,Screen Gems,Winter,No,2,10,2012
Safe House,3119,12880,2/10/2012,Universal Pictures,Winter,No,2,10,2012
Journey 2: The Mysterious Island,3470,7877,2/10/2012,Warner Bros.,Winter,No,2,10,2012
Star Wars: Episode I - The Phantom Menace (2012 3D Release),2655,8463,2/10/2012,Twentieth Century Fox,Winter,No,2,10,2012
Just Go with It,3548,8600,2/11/2011,Sony Pictures Releasing,Winter,No,2,11,2011
Justin Bieber: Never Say Never,3105,9505,2/11/2011,Paramount Pictures,Winter,No,2,11,2011
Gnomeo & Juliet,2994,8469,2/11/2011,Walt Disney Studios Motion Pictures,Winter,No,2,11,2011
Hitch,3575,12067,2/11/2005,Sony Pictures Releasing,Winter,No,2,11,2005
Deadpool,3558,37221,2/12/2016,Twentieth Century Fox,Winter,No,2,12,2016
RoboCop,3372,6429,2/12/2014,Sony Pictures Releasing,Winter,No,2,12,2014
Valentine's Day,3665,15350,2/12/2010,Warner Bros.,Winter,No,2,12,2010
The Wolfman,3222,9770,2/12/2010,Universal Pictures,Winter,No,2,12,2010
Percy Jackson & the Olympians: The Lightning Thief,3356,9307,2/12/2010,Twentieth Century Fox,Winter,No,2,12,2010
Fifty Shades of Grey,3646,23360,2/13/2015,Universal Pictures,Winter,Yes,2,13,2015
Kingsman: The Secret Service,3204,11300,2/13/2015,Twentieth Century Fox,Winter,Yes,2,13,2015
Friday the 13th,3105,13066,2/13/2009,Warner Bros.,Winter,Yes,2,13,2009
50 First Dates,3591,11097,2/13/2004,Sony Pictures Releasing,Winter,Yes,2,13,2004
Sonic the Hedgehog,4167,13923,2/14/2020,Paramount Pictures,Winter,Yes,2,14,2020
Alita: Battle Angel,3790,7526,2/14/2019,Twentieth Century Fox,Winter,Yes,2,14,2019
About Last Night,2253,11384,2/14/2014,Screen Gems,Winter,Yes,2,14,2014
A Good Day to Die Hard,3553,6989,2/14/2013,Twentieth Century Fox,Winter,Yes,2,14,2013
Jumper,3428,7979,2/14/2008,Twentieth Century Fox,Winter,Yes,2,14,2008
Daredevil,3471,11613,2/14/2003,Twentieth Century Fox,Winter,Yes,2,14,2003
Black Panther,4020,50249,2/16/2018,Walt Disney Studios Motion Pictures,Winter,Yes,2,16,2018
Ghost Rider,3619,12541,2/16/2007,Sony Pictures Releasing,Winter,Yes,2,16,2007
Bridge to Terabithia,3139,7188,2/16/2007,Walt Disney Studios Motion Pictures,Winter,Yes,2,16,2007
Ant-Man and the Wasp: Quantumania,4345,24421,2/17/2023,Walt Disney Studios Motion Pictures,Winter,Yes,2,17,2023
Ghost Rider: Spirit of Vengeance,3174,6967,2/17/2012,Sony Pictures Releasing,Winter,Yes,2,17,2012
Uncharted,4275,10294,2/18/2022,Sony Pictures Releasing,Winter,Yes,2,18,2022
Unknown,3043,7182,2/18/2011,Warner Bros.,Winter,Yes,2,18,2011
Constantine,3006,9903,2/18/2005,Warner Bros.,Winter,Yes,2,18,2005
Shutter Island,2991,13728,2/19/2010,Paramount Pictures,Winter,Yes,2,19,2010
Madea Goes to Jail,2032,20192,2/20/2009,Lionsgate Films,Winter,Yes,2,20,2009
The Call of the Wild,3752,6607,2/21/2020,20th Century Studios,Winter,Yes,2,21,2020
Star Wars: Episode V - The Empire Strikes Back (1997 Special Edition),2111,10410,2/21/1997,Twentieth Century Fox,Winter,Yes,2,21,1997
How to Train Your Dragon: The Hidden World,4259,12919,2/22/2019,Universal Pictures,Winter,Yes,2,22,2019
Vantage Point,3149,7264,2/22/2008,Sony Pictures Releasing,Winter,Yes,2,22,2008
Cocaine Bear,3534,6582,2/24/2023,Universal Pictures,Winter,No,2,24,2023
Get Out,2781,12001,2/24/2017,Universal Pictures,Winter,No,2,24,2017
Act of Valor,3039,8054,2/24/2012,Relativity Media,Winter,No,2,24,2012
Madea's Family Reunion,2194,13687,2/24/2006,Lionsgate Films,Winter,No,2,24,2006
Diary of a Mad Black Woman,1483,14770,2/25/2005,Lionsgate Films,Winter,No,2,25,2005
The Passion of the Christ,3043,27554,2/25/2004,Newmarket Films,Winter,No,2,25,2004
The Invisible Man,3610,7813,2/28/2020,Universal Pictures,Winter,No,2,28,2020
Non-Stop,3090,9344,2/28/2014,Universal Pictures,Winter,No,2,28,2014
Son of God,3260,7853,2/28/2014,Twentieth Century Fox,Winter,No,2,28,2014
A Madea Family Funeral,2442,11082,3/1/2019,Lionsgate Films,Spring,No,3,1,2019
Jack the Giant Slayer,3525,7716,3/1/2013,Warner Bros.,Spring,No,3,1,2013
The Lorax,3729,18830,3/2/2012,Universal Pictures,Spring,No,3,2,2012
Wild Hogs,3287,12077,3/2/2007,Walt Disney Studios Motion Pictures,Spring,No,3,2,2007
Creed III,4007,14567,3/3/2023,United Artists Releasing,Spring,No,3,3,2023
Logan,4071,21717,3/3/2017,Twentieth Century Fox,Spring,No,3,3,2017
The Batman,4417,30339,3/4/2022,Warner Bros.,Spring,No,3,4,2022
Zootopia,3827,19614,3/4/2016,Walt Disney Studios Motion Pictures,Spring,No,3,4,2016
London Has Fallen,3490,6199,3/4/2016,Focus Features,Spring,No,3,4,2016
Rango,3917,9721,3/4/2011,Paramount Pictures,Spring,No,3,4,2011
The Pacifier,3131,9758,3/4/2005,Walt Disney Studios Motion Pictures,Spring,No,3,4,2005
Be Cool,3216,7291,3/4/2005,Metro-Goldwyn-Mayer (MGM),Spring,No,3,4,2005
Alice in Wonderland,3728,31142,3/5/2010,Walt Disney Studios Motion Pictures,Spring,No,3,5,2010
Starsky & Hutch,3185,8823,3/5/2004,Warner Bros.,Spring,No,3,5,2004
Onward,4310,9076,3/6/2020,Walt Disney Studios Motion Pictures,Spring,No,3,6,2020
Watchmen,3611,15290,3/6/2009,Warner Bros.,Spring,No,3,6,2009
300: Rise of an Empire,3470,12979,3/7/2014,Warner Bros.,Spring,No,3,7,2014
Mr. Peabody & Sherman,3934,8186,3/7/2014,Twentieth Century Fox,Spring,No,3,7,2014
"10,000 BC",3410,10518,3/7/2008,Warner Bros.,Spring,No,3,7,2008
Bringing Down the House,2801,11103,3/7/2003,Walt Disney Studios Motion Pictures,Spring,No,3,7,2003
Captain Marvel,4310,35599,3/8/2019,Walt Disney Studios Motion Pictures,Spring,No,3,8,2019
Oz the Great and Powerful,3912,20222,3/8/2013,Walt Disney Studios Motion Pictures,Spring,No,3,8,2013
The Time Machine,2944,7680,3/8/2002,DreamWorks Distribution,Spring,No,3,8,2002
A Wrinkle in Time,3980,8322,3/9/2018,Walt Disney Studios Motion Pictures,Spring,No,3,9,2018
John Carter,3749,8050,3/9/2012,Walt Disney Studios Motion Pictures,Spring,No,3,9,2012
300,3103,22844,3/9/2007,Warner Bros.,Spring,No,3,9,2007
Scream VI,3675,12094,3/10/2023,Paramount Pictures,Spring,No,3,10,2023
Kong: Skull Island,3846,15867,3/10/2017,Warner Bros.,Spring,No,3,10,2017
Failure to Launch,3057,7985,3/10/2006,Paramount Pictures,Spring,No,3,10,2006
Mission to Mars,3054,7483,3/10/2000,Walt Disney Studios Motion Pictures,Spring,No,3,10,2000
10 Cloverfield Lane,3391,7292,3/11/2016,Paramount Pictures,Spring,No,3,11,2016
Battle Los Angeles,3417,10410,3/11/2011,Sony Pictures Releasing,Spring,No,3,11,2011
Robots,3776,9545,3/11/2005,Twentieth Century Fox,Spring,No,3,11,2005
Cinderella,3845,17653,3/13/2015,Walt Disney Studios Motion Pictures,Spring,No,3,13,2015
Race to Witch Mountain,3187,7656,3/13/2009,Walt Disney Studios Motion Pictures,Spring,No,3,13,2009
Horton Hears a Who!,3954,11384,3/14/2008,Twentieth Century Fox,Spring,No,3,14,2008
Ice Age,3316,13966,3/15/2002,Twentieth Century Fox,Spring,No,3,15,2002
Tomb Raider,3854,6132,3/16/2018,Warner Bros.,Spring,No,3,16,2018
21 Jump Street,3121,11631,3/16/2012,Sony Pictures Releasing,Spring,No,3,16,2012
Shazam! Fury of the Gods,4071,7396,3/17/2023,Warner Bros.,Spring,No,3,17,2023
Beauty and the Beast,4210,41508,3/17/2017,Walt Disney Studios Motion Pictures,Spring,No,3,17,2017
V for Vendetta,3365,7620,3/17/2006,Warner Bros.,Spring,No,3,17,2006
Erin Brockovich,2848,9880,3/17/2000,Universal Pictures,Spring,No,3,17,2000
Allegiant,3740,7761,3/18/2016,Lionsgate Films,Spring,No,3,18,2016
The Ring Two,3332,10523,3/18/2005,DreamWorks Distribution,Spring,No,3,18,2005
Diary of a Wimpy Kid,3077,7190,3/19/2010,Twentieth Century Fox,Spring,No,3,19,2010
Dawn of the Dead,2745,9735,3/19/2004,Universal Pictures,Spring,No,3,19,2004
The Divergent Series: Insurgent,3875,13487,3/20/2015,Lionsgate Films,Spring,No,3,20,2015
Knowing,3332,7384,3/20/2009,Summit Entertainment,Spring,No,3,20,2009
Divergent,3936,13873,3/21/2014,Lionsgate Films,Spring,No,3,21,2014
Liar Liar,2845,11045,3/21/1997,Universal Pictures,Spring,No,3,21,1997
Us,3741,19010,3/22/2019,Universal Pictures,Spring,No,3,22,2019
The Croods,4046,10785,3/22/2013,Twentieth Century Fox,Spring,No,3,22,2013
Olympus Has Fallen,3098,9804,3/22/2013,FilmDistrict,Spring,No,3,22,2013
Blade II,2707,12016,3/22/2002,New Line Cinema,Spring,No,3,22,2002
Pacific Rim: Uprising,3708,7582,3/23/2018,Universal Pictures,Spring,No,3,23,2018
The Hunger Games,4137,36871,3/23/2012,Lionsgate Films,Spring,No,3,23,2012
TMNT,3110,7799,3/23/2007,Warner Bros.,Spring,No,3,23,2007
John Wick: Chapter 4,3855,19148,3/24/2023,Lionsgate Films,Spring,No,3,24,2023
Power Rangers,3693,10912,3/24/2017,Lionsgate Films,Spring,No,3,24,2017
Inside Man,2818,10274,3/24/2006,Universal Pictures,Spring,No,3,24,2006
The Lost City,4253,7160,3/25/2022,Paramount Pictures,Spring,No,3,25,2022
Batman v Superman: Dawn of Justice,4242,39134,3/25/2016,Warner Bros.,Spring,No,3,25,2016
Diary of a Wimpy Kid: Rodrick Rules,3167,7499,3/25/2011,Twentieth Century Fox,Spring,No,3,25,2011
How to Train Your Dragon,4055,10784,3/26/2010,DreamWorks,Spring,No,3,26,2010
Scooby-Doo 2: Monsters Unleashed,3312,8888,3/26/2004,Warner Bros.,Spring,No,3,26,2004
Home,3708,14052,3/27/2015,Twentieth Century Fox,Spring,No,3,27,2015
Get Hard,3175,10646,3/27/2015,Warner Bros.,Spring,No,3,27,2015
Monsters vs. Aliens,4104,14454,3/27/2009,DreamWorks,Spring,No,3,27,2009
The Haunting in Connecticut,2732,8420,3/27/2009,Lionsgate Films,Spring,No,3,27,2009
Noah,3567,12256,3/28/2014,Paramount Pictures,Spring,No,3,28,2014
G.I. Joe: Retaliation,3719,10890,3/28/2013,Paramount Pictures,Spring,No,3,28,2013
21,2648,9103,3/28/2008,Sony Pictures Releasing,Spring,No,3,28,2008
Dumbo,4259,10798,3/29/2019,Walt Disney Studios Motion Pictures,Spring,No,3,29,2019
Ready Player One,4234,9863,3/29/2018,Warner Bros.,Spring,No,3,29,2018
Temptation: Confessions of a Marriage Counselor,2047,10572,3/29/2013,Lionsgate Films,Spring,No,3,29,2013
Panic Room,3053,9844,3/29/2002,Sony Pictures Releasing,Spring,No,3,29,2002
Wrath of the Titans,3545,9437,3/30/2012,Warner Bros.,Spring,No,3,30,2012
Blades of Glory,3372,9790,3/30/2007,DreamWorks,Spring,No,3,30,2007
Meet the Robinsons,3413,7361,3/30/2007,Walt Disney Studios Motion Pictures,Spring,No,3,30,2007
Spy Kids,3104,8552,3/30/2001,Miramax,Spring,No,3,30,2001
Teenage Mutant Ninja Turtles,2006,12661,3/30/1990,New Line Cinema,Spring,No,3,30,1990
Dungeons & Dragons: Honor Among Thieves,3855,9651,3/31/2023,Paramount Pictures,Spring,No,3,31,2023
Godzilla vs. Kong,3064,10321,3/31/2021,Warner Bros.,Spring,No,3,31,2021
The Boss Baby,3773,13304,3/31/2017,Twentieth Century Fox,Spring,No,3,31,2017
Ice Age: The Meltdown,3964,17162,3/31/2006,Twentieth Century Fox,Spring,No,3,31,2006
The Matrix,2849,9753,3/31/1999,Warner Bros.,Spring,No,3,31,1999
Morbius,4268,9139,4/1/2022,Columbia Pictures,Spring,No,4,1,2022
Hop,3579,10490,4/1/2011,Universal Pictures,Spring,No,4,1,2011
Sin City,3230,8699,4/1/2005,Dimension Films,Spring,No,4,1,2005
Clash of the Titans,3777,16212,4/2/2010,Warner Bros.,Spring,No,4,2,2010
Why Did I Get Married Too?,2155,13591,4/2/2010,Lionsgate Films,Spring,No,4,2,2010
Hellboy,3028,7652,4/2/2004,Revolution Studios,Spring,No,4,2,2004
Furious 7,4004,36760,4/3/2015,Universal Pictures,Spring,No,4,3,2015
Fast & Furious,3461,20500,4/3/2009,Universal Pictures,Spring,No,4,3,2009
Captain America: The Winter Soldier,3938,24129,4/4/2014,Walt Disney Studios Motion Pictures,Spring,No,4,4,2014
The Super Mario Bros. Movie,4343,33700,4/5/2023,Universal Pictures,Spring,No,4,5,2023
Shazam!,4217,12688,4/5/2019,Warner Bros.,Spring,No,4,5,2019
Pet Sematary,3585,6834,4/5/2019,Paramount Pictures,Spring,No,4,5,2019
Evil Dead,3025,8520,4/5/2013,TriStar Pictures,Spring,No,4,5,2013
A Quiet Place,3508,14311,4/6/2018,Paramount Pictures,Spring,No,4,6,2018
Sonic the Hedgehog 2,4234,17030,4/8/2022,Paramount Pictures,Spring,No,4,8,2022
The Boss,3480,6777,4/8/2016,Universal Pictures,Spring,No,4,8,2016
Date Night,3374,7471,4/9/2010,Twentieth Century Fox,Spring,No,4,9,2010
Hannah Montana: The Movie,3118,10367,4/10/2009,Walt Disney Studios Motion Pictures,Spring,No,4,10,2009
Rio 2,3948,9961,4/11/2014,Twentieth Century Fox,Spring,No,4,11,2014
Anger Management,3551,11889,4/11/2003,Revolution Studios,Spring,No,4,11,2003
42,3003,9153,4/12/2013,Warner Bros.,Spring,No,4,12,2013
Rampage,4101,8718,4/13/2018,Warner Bros.,Spring,No,4,13,2018
Disturbia,2925,7598,4/13/2007,DreamWorks,Spring,No,4,13,2007
The Fate of the Furious,4310,22920,4/14/2017,Universal Pictures,Spring,No,4,14,2017
Scary Movie 4,3602,11166,4/14/2006,-,Spring,No,4,14,2006
Fantastic Beasts: The Secrets of Dumbledore,4208,10016,4/15/2022,Warner Bros.,Spring,No,4,15,2022
The Jungle Book,4028,25635,4/15/2016,Walt Disney Studios Motion Pictures,Spring,No,4,15,2016
Rio,3826,10252,4/15/2011,Twentieth Century Fox,Spring,No,4,15,2011
The Amityville Horror,3323,7074,4/15/2005,Metro-Goldwyn-Mayer (MGM),Spring,No,4,15,2005
Heaven Is for Real,2417,9318,4/16/2014,TriStar Pictures,Spring,No,4,16,2014
Kill Bill: Vol. 2,2971,8616,4/16/2004,Miramax,Spring,No,4,16,2004
Paul Blart: Mall Cop 2,3633,6540,4/17/2015,Sony Pictures Releasing,Spring,No,4,17,2015
17 Again,3255,7287,4/17/2009,Warner Bros.,Spring,No,4,17,2009
The Curse of La Llorona,3372,7813,4/19/2019,Warner Bros.,Spring,No,4,19,2019
Oblivion,3783,9795,4/19/2013,Universal Pictures,Spring,No,4,19,2013
The Scorpion King,3444,10474,4/19/2002,Universal Pictures,Spring,No,4,19,2002
Think Like a Man,2015,16692,4/20/2012,Screen Gems,Spring,No,4,20,2012
The Lucky One,3155,7137,4/20/2012,Warner Bros.,Spring,No,4,20,2012
Evil Dead Rise,3402,7202,4/21/2023,Warner Bros.,Spring,No,4,21,2023
Man on Fire,2980,7634,4/21/2004,Twentieth Century Fox,Spring,No,4,21,2004
The Bad Guys,4008,5975,4/22/2022,Universal Pictures,Spring,No,4,22,2022
Madea's Big Happy Family,2288,10956,4/22/2011,Lionsgate Films,Spring,No,4,22,2011
The Interpreter,2758,8275,4/22/2005,Universal Pictures,Spring,No,4,22,2005
Mortal Kombat,3073,7582,4/23/2021,Warner Bros.,Spring,No,4,23,2021
Obsessed,2514,11381,4/24/2009,Screen Gems,Spring,No,4,24,2009
The Other Woman,3205,7726,4/25/2014,Twentieth Century Fox,Spring,No,4,25,2014
Avengers: Endgame,4662,76601,4/26/2019,Walt Disney Studios Motion Pictures,Spring,No,4,26,2019
Avengers: Infinity War,4474,57599,4/27/2018,Walt Disney Studios Motion Pictures,Spring,No,4,27,2018
Fast Five,3644,23654,4/29/2011,Universal Pictures,Spring,No,4,29,2011
A Nightmare on Elm Street,3332,9874,4/30/2010,Warner Bros.,Spring,No,4,30,2010
Mean Girls,2839,8605,4/30/2004,Paramount Pictures,Spring,No,4,30,2004
Avengers: Age of Ultron,4276,44731,5/1/2015,Walt Disney Studios Motion Pictures,Spring,No,5,1,2015
X-Men Origins: Wolverine,4099,20750,5/1/2009,Twentieth Century Fox,Spring,No,5,1,2009
The Amazing Spider-Man 2,4324,21186,5/2/2014,Sony Pictures Releasing,Spring,No,5,2,2014
Iron Man,4105,24024,5/2/2008,Paramount Pictures,Spring,No,5,2,2008
X2: X-Men United,3741,22870,5/2/2003,Twentieth Century Fox,Spring,No,5,2,2003
Iron Man 3,4253,40946,5/3/2013,Walt Disney Studios Motion Pictures,Spring,No,5,3,2013
Spider-Man,3615,31768,5/3/2002,Sony Pictures Releasing,Spring,No,5,3,2002
The Avengers,4349,47698,5/4/2012,Walt Disney Studios Motion Pictures,Spring,No,5,4,2012
Spider-Man 3,4252,35540,5/4/2007,Sony Pictures Releasing,Spring,No,5,4,2007
The Mummy Returns,3401,20035,5/4/2001,Universal Pictures,Spring,No,5,4,2001
Guardians of the Galaxy Vol. 3,4450,26609,5/5/2023,Walt Disney Studios Motion Pictures,Spring,No,5,5,2023
Guardians of the Galaxy Vol. 2,4347,33703,5/5/2017,Walt Disney Studios Motion Pictures,Spring,No,5,5,2017
Mission: Impossible III,4054,11776,5/5/2006,Paramount Pictures,Spring,No,5,5,2006
Gladiator,2938,11851,5/5/2000,DreamWorks Distribution,Spring,No,5,5,2000
Doctor Strange in the Multiverse of Madness,4534,41336,5/6/2022,Walt Disney Studios Motion Pictures,Spring,No,5,6,2022
Captain America: Civil War,4226,42389,5/6/2016,Walt Disney Studios Motion Pictures,Spring,No,5,6,2016
Thor,3955,16617,5/6/2011,Paramount Pictures,Spring,No,5,6,2011
Iron Man 2,4380,29251,5/7/2010,Paramount Pictures,Spring,No,5,7,2010
Van Helsing,3575,14474,5/7/2004,Universal Pictures,Spring,No,5,7,2004
The Mummy,3210,13510,5/7/1999,Universal Pictures,Spring,No,5,7,1999
Star Trek,3849,19538,5/8/2009,Paramount Pictures,Spring,No,5,8,2009
Deep Impact,3156,13039,5/8/1998,Paramount Pictures,Spring,No,5,8,1998
Neighbors,3279,14953,5/9/2014,Universal Pictures,Spring,No,5,9,2014
Daddy Day Care,3370,8196,5/9/2003,Revolution Studios,Spring,No,5,9,2003
Pokémon: Detective Pikachu,4202,12937,5/10/2019,Warner Bros.,Spring,No,5,10,2019
The Great Gatsby,3535,14168,5/10/2013,Warner Bros.,Spring,No,5,10,2013
Twister,2414,17008,5/10/1996,Warner Bros.,Spring,No,5,10,1996
Dark Shadows,3755,7905,5/11/2012,Warner Bros.,Spring,No,5,11,2012
Poseidon,3555,6232,5/12/2006,Warner Bros.,Spring,No,5,12,2006
Bridesmaids,2918,8995,5/13/2011,Universal Pictures,Spring,No,5,13,2011
Monster-in-Law,3424,7009,5/13/2005,New Line Cinema,Spring,No,5,13,2005
Robin Hood,3503,10295,5/14/2010,Universal Pictures,Spring,No,5,14,2010
Troy,3411,13739,5/14/2004,Warner Bros.,Spring,No,5,14,2004
Pitch Perfect 2,3473,19930,5/15/2015,Universal Pictures,Spring,No,5,15,2015
Mad Max: Fury Road,3702,12271,5/15/2015,Warner Bros.,Spring,No,5,15,2015
Angels & Demons,3527,13100,5/15/2009,Sony Pictures Releasing,Spring,No,5,15,2009
The Matrix Reloaded,3603,25471,5/15/2003,Warner Bros.,Spring,No,5,15,2003
Lethal Weapon 3,2510,13244,5/15/1992,Warner Bros.,Spring,No,5,15,1992
Godzilla,3952,23580,5/16/2014,Warner Bros.,Spring,No,5,16,2014
Star Trek Into Darkness,3868,18140,5/16/2013,Paramount Pictures,Spring,No,5,16,2013
The Chronicles of Narnia: Prince Caspian,3929,14007,5/16/2008,Walt Disney Studios Motion Pictures,Spring,No,5,16,2008
Star Wars: Episode II - Attack of the Clones,3161,25317,5/16/2002,Twentieth Century Fox,Spring,No,5,16,2002
Shrek,3587,11805,5/16/2001,DreamWorks Distribution,Spring,No,5,16,2001
John Wick: Chapter 3 - Parabellum,3850,14757,5/17/2019,Lionsgate Films,Spring,No,5,17,2019
Deadpool 2,4349,28858,5/18/2018,Twentieth Century Fox,Spring,No,5,18,2018
Battleship,3690,6920,5/18/2012,Universal Pictures,Spring,No,5,18,2012
Shrek the Third,4122,29507,5/18/2007,DreamWorks,Spring,No,5,18,2007
Fast X,4046,16563,5/19/2023,Universal Pictures,Spring,No,5,19,2023
Alien: Covenant,3761,9614,5/19/2017,Twentieth Century Fox,Spring,No,5,19,2017
The Da Vinci Code,3735,20635,5/19/2006,Sony Pictures Releasing,Spring,No,5,19,2006
Over the Hedge,4059,9474,5/19/2006,DreamWorks,Spring,No,5,19,2006
Star Wars: Episode III - Revenge of the Sith,3661,29619,5/19/2005,Twentieth Century Fox,Spring,No,5,19,2005
Shrek 2,4163,25951,5/19/2004,DreamWorks Distribution,Spring,No,5,19,2004
Dinosaur,3257,11929,5/19/2000,Walt Disney Studios Motion Pictures,Spring,No,5,19,2000
Star Wars: Episode I - The Phantom Menace,2970,21825,5/19/1999,Twentieth Century Fox,Spring,No,5,19,1999
Die Hard with a Vengeance,2525,8777,5/19/1995,Twentieth Century Fox,Spring,No,5,19,1995
The Angry Birds Movie,3932,9703,5/20/2016,Sony Pictures Releasing,Spring,No,5,20,2016
Neighbors 2: Sorority Rising,3384,6430,5/20/2016,Universal Pictures,Spring,No,5,20,2016
Pirates of the Caribbean: On Stranger Tides,4155,21697,5/20/2011,Walt Disney Studios Motion Pictures,Spring,No,5,20,2011
Godzilla,3310,13307,5/20/1998,Sony Pictures Releasing,Spring,No,5,20,1998
Beverly Hills Cop II,2326,11327,5/20/1987,Paramount Pictures,Spring,No,5,20,1987
Shrek Forever After,4359,16251,5/21/2010,DreamWorks,Spring,No,5,21,2010
Terminator Salvation,3530,12056,5/21/2009,Warner Bros.,Spring,No,5,21,2009
Tomorrowland,3972,8315,5/22/2015,Walt Disney Studios Motion Pictures,Spring,No,5,22,2015
Poltergeist,3240,6981,5/22/2015,Twentieth Century Fox,Spring,No,5,22,2015
Night at the Museum: Battle of the Smithsonian,4096,13225,5/22/2009,Twentieth Century Fox,Spring,No,5,22,2009
Indiana Jones and the Kingdom of the Crystal Skull,4260,23506,5/22/2008,Paramount Pictures,Spring,No,5,22,2008
Mission: Impossible,3012,15085,5/22/1996,Paramount Pictures,Spring,No,5,22,1996
X-Men: Days of Future Past,3996,22728,5/23/2014,Twentieth Century Fox,Spring,Yes,5,23,2014
The Hangover Part III,3555,11721,5/23/2013,Warner Bros.,Spring,Yes,5,23,2013
Bruce Almighty,3483,19510,5/23/2003,Universal Pictures,Spring,Yes,5,23,2003
The Lost World: Jurassic Park,3281,21985,5/23/1997,Universal Pictures,Spring,Yes,5,23,1997
Indiana Jones and the Temple of Doom,1687,15019,5/23/1984,Paramount Pictures,Spring,Yes,5,23,1984
Aladdin,4476,20442,5/24/2019,Walt Disney Studios Motion Pictures,Spring,Yes,5,24,2019
Fast & Furious 6,3658,26619,5/24/2013,Universal Pictures,Spring,Yes,5,24,2013
Epic,3882,8637,5/24/2013,Twentieth Century Fox,Spring,Yes,5,24,2013
Mission: Impossible II,3653,15835,5/24/2000,Paramount Pictures,Spring,Yes,5,24,2000
Indiana Jones and the Last Crusade,2327,12614,5/24/1989,Paramount Pictures,Spring,Yes,5,24,1989
Solo: A Star Wars Story,4381,19269,5/25/2018,Walt Disney Studios Motion Pictures,Spring,Yes,5,25,2018
Men in Black³,4248,12851,5/25/2012,Sony Pictures Releasing,Spring,Yes,5,25,2012
Pirates of the Caribbean: At World's End,4362,26302,5/25/2007,Walt Disney Studios Motion Pictures,Spring,Yes,5,25,2007
Pearl Harbor,3214,18381,5/25/2001,Walt Disney Studios Motion Pictures,Spring,Yes,5,25,2001
Star Wars: Episode VI - Return of the Jedi,1002,22973,5/25/1983,Twentieth Century Fox,Spring,Yes,5,25,1983
The Little Mermaid,4320,22124,5/26/2023,Walt Disney Studios Motion Pictures,Spring,Yes,5,26,2023
Pirates of the Caribbean: Dead Men Tell No Tales,4276,14729,5/26/2017,Walt Disney Studios Motion Pictures,Spring,Yes,5,26,2017
The Hangover Part II,3615,23774,5/26/2011,Warner Bros.,Spring,Yes,5,26,2011
Kung Fu Panda 2,3925,12141,5/26/2011,DreamWorks,Spring,Yes,5,26,2011
X-Men: The Last Stand,3690,27845,5/26/2006,Twentieth Century Fox,Spring,Yes,5,26,2006
Top Gun: Maverick,4735,26759,5/27/2022,Paramount Pictures,Spring,Yes,5,27,2022
X-Men: Apocalypse,4150,15848,5/27/2016,Twentieth Century Fox,Spring,Yes,5,27,2016
Alice Through the Looking Glass,3763,7137,5/27/2016,Walt Disney Studios Motion Pictures,Spring,Yes,5,27,2016
Sex and the City 2,3445,8999,5/27/2010,Warner Bros.,Spring,Yes,5,27,2010
The Longest Yard,3634,13100,5/27/2005,Paramount Pictures,Spring,Yes,5,27,2005
Madagascar,4131,11431,5/27/2005,DreamWorks Distribution,Spring,Yes,5,27,2005
The Flintstones,2498,11885,5/27/1994,Universal Pictures,Spring,Yes,5,27,1994
A Quiet Place Part II,3726,12760,5/28/2021,Paramount Pictures,Spring,Yes,5,28,2021
Prince of Persia: The Sands of Time,3646,8254,5/28/2010,Walt Disney Studios Motion Pictures,Spring,Yes,5,28,2010
The Day After Tomorrow,3425,20071,5/28/2004,Twentieth Century Fox,Spring,Yes,5,28,2004
Notting Hill,2747,7940,5/28/1999,Universal Pictures,Spring,Yes,5,28,1999
San Andreas,3777,14452,5/29/2015,Warner Bros.,Spring,Yes,5,29,2015
Up,3766,18085,5/29/2009,Walt Disney Studios Motion Pictures,Spring,Yes,5,29,2009
Maleficent,3948,17586,5/30/2014,Walt Disney Studios Motion Pictures,Spring,Yes,5,30,2014
Sex and the City,3285,17363,5/30/2008,Warner Bros.,Spring,Yes,5,30,2008
Finding Nemo,3374,20821,5/30/2003,Walt Disney Studios Motion Pictures,Spring,Yes,5,30,2003
Godzilla: King of the Monsters,4108,11630,5/31/2019,Warner Bros.,Spring,Yes,5,31,2019
Rocketman,3610,7126,5/31/2019,Paramount Pictures,Spring,Yes,5,31,2019
Now You See Me,2925,10034,5/31/2013,Lionsgate Films,Spring,Yes,5,31,2013
After Earth,3401,8091,5/31/2013,Sony Pictures Releasing,Spring,Yes,5,31,2013
The Sum of All Fears,3183,9795,5/31/2002,Paramount Pictures,Spring,Yes,5,31,2002
Snow White and the Huntsman,3773,14900,6/1/2012,Universal Pictures,Summer,No,6,1,2012
Knocked Up,2871,10690,6/1/2007,Universal Pictures,Summer,No,6,1,2007
Total Recall,2060,12395,6/1/1990,Sony Pictures Releasing,Summer,No,6,1,1990
Spider-Man: Across the Spider-Verse,4313,27976,6/2/2023,Columbia Pictures,Summer,No,6,2,2023
Wonder Woman,4165,24790,6/2/2017,Warner Bros.,Summer,No,6,2,2017
Captain Underpants: The First Epic Movie,3434,6945,6/2/2017,Twentieth Century Fox,Summer,No,6,2,2017
The Break-Up,3070,12759,6/2/2006,Universal Pictures,Summer,No,6,2,2006
Big Momma's House,2802,9158,6/2/2000,Twentieth Century Fox,Summer,No,6,2,2000
Teenage Mutant Ninja Turtles: Out of the Shadows,4071,8675,6/3/2016,Paramount Pictures,Summer,No,6,3,2016
X-Men: First Class,3641,15133,6/3/2011,Twentieth Century Fox,Summer,No,6,3,2011
The Conjuring: The Devil Made Me Do It,3102,7770,6/4/2021,Warner Bros.,Summer,No,6,4,2021
Harry Potter and the Prisoner of Azkaban,3855,24302,6/4/2004,Warner Bros.,Summer,No,6,4,2004
Spy,3711,7837,6/5/2015,Twentieth Century Fox,Summer,No,6,5,2015
Insidious: Chapter 3,3002,7559,6/5/2015,Focus Features,Summer,No,6,5,2015
The Hangover,3269,13759,6/5/2009,Warner Bros.,Summer,No,6,5,2009
The Truman Show,2315,13625,6/5/1998,Paramount Pictures,Summer,No,6,5,1998
The Fault in Our Stars,3173,15128,6/6/2014,Twentieth Century Fox,Summer,No,6,6,2014
Edge of Tomorrow,3490,8240,6/6/2014,Warner Bros.,Summer,No,6,6,2014
Kung Fu Panda,4114,14642,6/6/2008,DreamWorks,Summer,No,6,6,2008
You Don't Mess with the Zohan,3462,11129,6/6/2008,Sony Pictures Releasing,Summer,No,6,6,2008
2 Fast 2 Furious,3408,14810,6/6/2003,Universal Pictures,Summer,No,6,6,2003
Con Air,2824,8545,6/6/1997,Walt Disney Studios Motion Pictures,Summer,No,6,6,1997
The Secret Life of Pets 2,4561,10228,6/7/2019,Universal Pictures,Summer,No,6,7,2019
X-Men: Dark Phoenix,3721,8822,6/7/2019,Twentieth Century Fox,Summer,No,6,7,2019
The Purge,2536,13429,6/7/2013,Universal Pictures,Summer,No,6,7,2013
The Rock,2392,10480,6/7/1996,Walt Disney Studios Motion Pictures,Summer,No,6,7,1996
Ocean's Eight,4145,10037,6/8/2018,Warner Bros.,Summer,No,6,8,2018
Madagascar 3: Europe's Most Wanted,4258,14165,6/8/2012,DreamWorks,Summer,No,6,8,2012
Prometheus,3396,15032,6/8/2012,Twentieth Century Fox,Summer,No,6,8,2012
Ocean's Thirteen,3565,10135,6/8/2007,Warner Bros.,Summer,No,6,8,2007
Transformers: Rise of the Beasts,3678,16597,6/9/2023,Paramount Pictures,Summer,No,6,9,2023
The Mummy,4035,7853,6/9/2017,Universal Pictures,Summer,No,6,9,2017
Cars,3985,15086,6/9/2006,Walt Disney Studios Motion Pictures,Summer,No,6,9,2006
Gone in 60 Seconds,3006,8428,6/9/2000,Walt Disney Studios Motion Pictures,Summer,No,6,9,2000
Austin Powers: The Spy Who Shagged Me,3312,16581,6/9/1999,New Line Cinema,Summer,No,6,9,1999
Congo,2649,9302,6/9/1995,Paramount Pictures,Summer,No,6,9,1995
Jurassic World: Dominion,4676,31025,6/10/2022,Universal Pictures,Summer,No,6,10,2022
The Conjuring 2,3343,12086,6/10/2016,Warner Bros.,Summer,No,6,10,2016
Warcraft,3400,7107,6/10/2016,Universal Pictures,Summer,No,6,10,2016
Now You See Me 2,3232,6925,6/10/2016,Lionsgate Films,Summer,No,6,10,2016
Super 8,3379,10491,6/10/2011,Paramount Pictures,Summer,No,6,10,2011
Mr. & Mrs. Smith,3424,14702,6/10/2005,Twentieth Century Fox,Summer,No,6,10,2005
The Karate Kid,3663,15196,6/11/2010,Sony Pictures Releasing,Summer,No,6,11,2010
The A-Team,3535,7261,6/11/2010,Twentieth Century Fox,Summer,No,6,11,2010
The Chronicles of Riddick,2757,8809,6/11/2004,Universal Pictures,Summer,No,6,11,2004
Garfield: The Movie,3094,7022,6/11/2004,Twentieth Century Fox,Summer,No,6,11,2004
Jurassic Park,2404,19561,6/11/1993,Universal Pictures,Summer,No,6,11,1993
Jurassic World,4274,48855,6/12/2015,Universal Pictures,Summer,No,6,12,2015
The Taking of Pelham 123,3074,7603,6/12/2009,Sony Pictures Releasing,Summer,No,6,12,2009
22 Jump Street,3306,17262,6/13/2014,Sony Pictures Releasing,Summer,No,6,13,2014
How to Train Your Dragon 2,4253,11627,6/13/2014,Twentieth Century Fox,Summer,No,6,13,2014
The Incredible Hulk,3505,15810,6/13/2008,Universal Pictures,Summer,No,6,13,2008
The Happening,2986,10220,6/13/2008,Twentieth Century Fox,Summer,No,6,13,2008
Men in Black: International,4224,7110,6/14/2019,Sony Pictures Releasing,Summer,No,6,14,2019
Man of Steel,4207,27720,6/14/2013,Warner Bros.,Summer,No,6,14,2013
Scooby-Doo,3447,15710,6/14/2002,Warner Bros.,Summer,No,6,14,2002
The Bourne Identity,2638,10280,6/14/2002,Universal Pictures,Summer,No,6,14,2002
Robin Hood: Prince of Thieves,2369,10817,6/14/1991,Warner Bros.,Summer,No,6,14,1991
Incredibles 2,4410,41425,6/15/2018,Walt Disney Studios Motion Pictures,Summer,No,6,15,2018
Fantastic Four: Rise of the Silver Surfer,3959,14663,6/15/2007,Twentieth Century Fox,Summer,No,6,15,2007
Batman Begins,3858,12634,6/15/2005,Warner Bros.,Summer,No,6,15,2005
Lara Croft: Tomb Raider,3308,14430,6/15/2001,Paramount Pictures,Summer,No,6,15,2001
Dick Tracy,2332,9667,6/15/1990,Walt Disney Studios Motion Pictures,Summer,No,6,15,1990
The Flash,4234,13000,6/16/2023,Warner Bros.,Summer,No,6,16,2023
Elemental,4035,7336,6/16/2023,Walt Disney Studios Motion Pictures,Summer,No,6,16,2023
Cars 3,4256,12614,6/16/2017,Walt Disney Studios Motion Pictures,Summer,No,6,16,2017
All Eyez on Me,2471,10698,6/16/2017,Lionsgate Films,Summer,No,6,16,2017
Nacho Libre,3070,9221,6/16/2006,Paramount Pictures,Summer,No,6,16,2006
The Fast and the Furious: Tokyo Drift,3027,7920,6/16/2006,Universal Pictures,Summer,No,6,16,2006
Shaft,2337,9291,6/16/2000,Paramount Pictures,Summer,No,6,16,2000
Tarzan,3005,11388,6/16/1999,Walt Disney Studios Motion Pictures,Summer,No,6,16,1999
Batman Forever,2842,18572,6/16/1995,Warner Bros.,Summer,No,6,16,1995
Ghostbusters II,2410,12229,6/16/1989,Columbia Pictures,Summer,No,6,16,1989
Lightyear,4255,11886,6/17/2022,Walt Disney Studios Motion Pictures,Summer,No,6,17,2022
Finding Dory,4305,31372,6/17/2016,Walt Disney Studios Motion Pictures,Summer,No,6,17,2016
Central Intelligence,3508,10129,6/17/2016,Warner Bros.,Summer,No,6,17,2016
Green Lantern,3816,13934,6/17/2011,Warner Bros.,Summer,No,6,17,2011
Toy Story 3,4028,27385,6/18/2010,Walt Disney Studios Motion Pictures,Summer,No,6,18,2010
Dodgeball: A True Underdog Story,2694,11161,6/18/2004,Twentieth Century Fox,Summer,No,6,18,2004
The General's Daughter,2856,7819,6/18/1999,Paramount Pictures,Summer,No,6,18,1999
Inside Out,3946,22919,6/19/2015,Walt Disney Studios Motion Pictures,Summer,No,6,19,2015
The Proposal,3056,11003,6/19/2009,Walt Disney Studios Motion Pictures,Summer,No,6,19,2009
The X Files,2629,11463,6/19/1998,Twentieth Century Fox,Summer,No,6,19,1998
Mulan,2888,7875,6/19/1998,Walt Disney Studios Motion Pictures,Summer,No,6,19,1998
Batman Returns,2644,17279,6/19/1992,Warner Bros.,Summer,No,6,19,1992
Think Like a Man Too,2225,13142,6/20/2014,Screen Gems,Summer,No,6,20,2014
Get Smart,3911,9890,6/20/2008,Warner Bros.,Summer,No,6,20,2008
Hulk,3660,16974,6/20/2003,Universal Pictures,Summer,No,6,20,2003
Batman & Robin,2934,14612,6/20/1997,Warner Bros.,Summer,No,6,20,1997
My Best Friend's Wedding,2134,10158,6/20/1997,Sony Pictures Releasing,Summer,No,6,20,1997
Toy Story 4,4575,26427,6/21/2019,Walt Disney Studios Motion Pictures,Summer,No,6,21,2019
Transformers: The Last Knight,4069,10980,6/21/2017,Paramount Pictures,Summer,No,6,21,2017
Monsters University,4004,20586,6/21/2013,Walt Disney Studios Motion Pictures,Summer,No,6,21,2013
World War Z,3607,18411,6/21/2013,Paramount Pictures,Summer,No,6,21,2013
Minority Report,3001,11888,6/21/2002,Twentieth Century Fox,Summer,No,6,21,2002
Lilo & Stitch,3191,11049,6/21/2002,Walt Disney Studios Motion Pictures,Summer,No,6,21,2002
Eraser,2410,10193,6/21/1996,Warner Bros.,Summer,No,6,21,1996
Jurassic World: Fallen Kingdom,4475,33078,6/22/2018,Universal Pictures,Summer,No,6,22,2018
Brave,4164,15927,6/22/2012,Walt Disney Studios Motion Pictures,Summer,No,6,22,2012
Evan Almighty,3604,8654,6/22/2007,Universal Pictures,Summer,No,6,22,2007
The Fast and the Furious,2628,15254,6/22/2001,Universal Pictures,Summer,No,6,22,2001
Dr. Dolittle 2,3049,8211,6/22/2001,Twentieth Century Fox,Summer,No,6,22,2001
Click,3749,10672,6/23/2006,Revolution Studios,Summer,No,6,23,2006
Fahrenheit 9/11,868,27558,6/23/2004,Lionsgate Films,Summer,No,6,23,2004
"Me, Myself & Irene",3019,8019,6/23/2000,Twentieth Century Fox,Summer,No,6,23,2000
Batman,2194,18454,6/23/1989,Warner Bros.,Summer,No,6,23,1989
Elvis,3906,7990,6/24/2022,Warner Bros.,Summer,No,6,24,2022
The Black Phone,3150,7502,6/24/2022,Universal Pictures,Summer,No,6,24,2022
Independence Day: Resurgence,4130,9937,6/24/2016,Twentieth Century Fox,Summer,No,6,24,2016
Cars 2,4115,16071,6/24/2011,Walt Disney Studios Motion Pictures,Summer,No,6,24,2011
Bad Teacher,3049,10365,6/24/2011,Sony Pictures Releasing,Summer,No,6,24,2011
Transformers: Revenge of the Fallen,4234,25736,6/24/2009,DreamWorks,Summer,No,6,24,2009
F9: The Fast Saga,4179,16760,6/25/2021,Universal Pictures,Summer,No,6,25,2021
Grown Ups,3534,11461,6/25/2010,Sony Pictures Releasing,Summer,No,6,25,2010
Big Daddy,3027,13721,6/25/1999,Sony Pictures Releasing,Summer,No,6,25,1999
Ted 2,3442,9735,6/26/2015,Universal Pictures,Summer,No,6,26,2015
Doctor Dolittle,2777,10448,6/26/1998,Twentieth Century Fox,Summer,No,6,26,1998
Transformers: Age of Extinction,4233,23632,6/27/2014,Paramount Pictures,Summer,No,6,27,2014
WALL·E,3992,15803,6/27/2008,Walt Disney Studios Motion Pictures,Summer,No,6,27,2008
Wanted,3175,16040,6/27/2008,Universal Pictures,Summer,No,6,27,2008
Live Free or Die Hard,3408,9791,6/27/2007,Twentieth Century Fox,Summer,No,6,27,2007
Charlie's Angels: Full Throttle,3459,10880,6/27/2003,Sony Pictures Releasing,Summer,No,6,27,2003
Face/Off,2621,8923,6/27/1997,Paramount Pictures,Summer,No,6,27,1997
The Heat,3181,12296,6/28/2013,Twentieth Century Fox,Summer,No,6,28,2013
White House Down,3222,7713,6/28/2013,Sony Pictures Releasing,Summer,No,6,28,2013
Superman Returns,4065,12923,6/28/2006,Warner Bros.,Summer,No,6,28,2006
Mr. Deeds,3231,11501,6/28/2002,Sony Pictures Releasing,Summer,No,6,28,2002
The Patriot,3061,7322,6/28/2000,Sony Pictures Releasing,Summer,No,6,28,2000
The Nutty Professor,2115,12015,6/28/1996,Universal Pictures,Summer,No,6,28,1996
Ted,3239,16800,6/29/2012,Universal Pictures,Summer,No,6,29,2012
Magic Mike,2930,13353,6/29/2012,Warner Bros.,Summer,No,6,29,2012
Madea's Witness Protection,2161,11749,6/29/2012,Lionsgate Films,Summer,No,6,29,2012
Transformers: Dark of the Moon,4088,23936,6/29/2011,DreamWorks,Summer,No,6,29,2011
Ratatouille,3940,11935,6/29/2007,Walt Disney Studios Motion Pictures,Summer,No,6,29,2007
War of the Worlds,3908,16601,6/29/2005,Paramount Pictures,Summer,No,6,29,2005
A.I. Artificial Intelligence,3242,9053,6/29/2001,Warner Bros.,Summer,No,6,29,2001
Indiana Jones and the Dial of Destiny,4600,13123,6/30/2023,Walt Disney Studios Motion Pictures,Summer,No,6,30,2023
Despicable Me 3,4529,15993,6/30/2017,Universal Pictures,Summer,No,6,30,2017
The Twilight Saga: Eclipse,4468,14510,6/30/2010,Summit Entertainment,Summer,No,6,30,2010
The Devil Wears Prada,2847,9672,6/30/2006,Twentieth Century Fox,Summer,No,6,30,2006
Spider-Man 2,4152,21232,6/30/2004,Sony Pictures Releasing,Summer,No,6,30,2004
The Perfect Storm,3407,12129,6/30/2000,Warner Bros.,Summer,No,6,30,2000
Wild Wild West,3342,8284,6/30/1999,Warner Bros.,Summer,No,6,30,1999
Apollo 13,2197,11540,6/30/1995,Universal Pictures,Summer,No,6,30,1995
Minions: The Rise of Gru,4391,24370,7/1/2022,Universal Pictures,Summer,Yes,7,1,2022
The Legend of Tarzan,3561,10819,7/1/2016,Warner Bros.,Summer,Yes,7,1,2016
The Purge: Election Year,2796,11271,7/1/2016,Universal Pictures,Summer,Yes,7,1,2016
Terminator Genisys,3758,7189,7/1/2015,Paramount Pictures,Summer,Yes,7,1,2015
The Last Airbender,3169,12724,7/1/2010,Paramount Pictures,Summer,Yes,7,1,2010
Ice Age: Dawn of the Dinosaurs,4099,10170,7/1/2009,Twentieth Century Fox,Summer,Yes,7,1,2009
Public Enemies,3334,7579,7/1/2009,Universal Pictures,Summer,Yes,7,1,2009
Armageddon,3127,11541,7/1/1998,Walt Disney Studios Motion Pictures,Summer,Yes,7,1,1998
Spider-Man: Far from Home,4634,19978,7/2/2019,Sony Pictures Releasing,Summer,Yes,7,2,2019
Tammy,3465,6227,7/2/2014,Warner Bros.,Summer,Yes,7,2,2014
Hancock,3965,15789,7/2/2008,Sony Pictures Releasing,Summer,Yes,7,2,2008
Terminator 3: Rise of the Machines,3504,12568,7/2/2003,Warner Bros.,Summer,Yes,7,2,2003
"Legally Blonde 2: Red, White & Blonde",3350,6633,7/2/2003,Metro-Goldwyn-Mayer (MGM),Summer,Yes,7,2,2003
Men in Black,3020,16910,7/2/1997,Sony Pictures Releasing,Summer,Yes,7,2,1997
The Firm,2393,10614,7/2/1993,Paramount Pictures,Summer,Yes,7,2,1993
Despicable Me 2,3997,20895,7/3/2013,Universal Pictures,Summer,Yes,7,3,2013
The Lone Ranger,3904,7482,7/3/2013,Walt Disney Studios Motion Pictures,Summer,Yes,7,3,2013
The Amazing Spider-Man,4318,14359,7/3/2012,Sony Pictures Releasing,Summer,Yes,7,3,2012
Transformers,4011,17577,7/3/2007,DreamWorks,Summer,Yes,7,3,2007
Men in Black II,3557,14660,7/3/2002,Sony Pictures Releasing,Summer,Yes,7,3,2002
Independence Day,2882,17428,7/3/1996,Twentieth Century Fox,Summer,Yes,7,3,1996
Terminator 2: Judgment Day,2274,13969,7/3/1991,TriStar Pictures,Summer,Yes,7,3,1991
Cats & Dogs,3040,7140,7/4/2001,Warner Bros.,Summer,Yes,7,4,2001
Ant-Man and the Wasp,4206,18024,7/6/2018,Walt Disney Studios Motion Pictures,Summer,Yes,7,6,2018
Forrest Gump,1595,15329,7/6/1994,Paramount Pictures,Summer,Yes,7,6,1994
Die Hard 2,2507,8673,7/6/1990,Twentieth Century Fox,Summer,Yes,7,6,1990
Insidious: The Red Door,3188,10355,7/7/2023,Screen Gems,Summer,Yes,7,7,2023
Spider-Man: Homecoming,4348,26915,7/7/2017,Sony Pictures Releasing,Summer,Yes,7,7,2017
Pirates of the Caribbean: Dead Man's Chest,4133,32817,7/7/2006,Walt Disney Studios Motion Pictures,Summer,Yes,7,7,2006
Scary Movie,2912,14542,7/7/2000,Miramax,Summer,Yes,7,7,2000
Thor: Love and Thunder,4375,32952,7/8/2022,Walt Disney Studios Motion Pictures,Summer,Yes,7,8,2022
The Secret Life of Pets,4370,23879,7/8/2016,Universal Pictures,Summer,Yes,7,8,2016
Horrible Bosses,3040,9309,7/8/2011,Warner Bros.,Summer,Yes,7,8,2011
Fantastic Four,3602,15563,7/8/2005,Twentieth Century Fox,Summer,Yes,7,8,2005
Black Widow,4160,19318,7/9/2021,Walt Disney Studios Motion Pictures,Summer,No,7,9,2021
Despicable Me,3476,16224,7/9/2010,Universal Pictures,Summer,No,7,9,2010
Predators,2669,9277,7/9/2010,Twentieth Century Fox,Summer,No,7,9,2010
Anchorman: The Legend of Ron Burgundy,3091,9193,7/9/2004,DreamWorks Distribution,Summer,No,7,9,2004
Pirates of the Caribbean: The Curse of the Black Pearl,3269,14264,7/9/2003,Walt Disney Studios Motion Pictures,Summer,No,7,9,2003
Minions,4301,26905,7/10/2015,Universal Pictures,Summer,No,7,10,2015
Brüno,2756,11109,7/10/2009,Universal Pictures,Summer,No,7,10,2009
Lethal Weapon 4,3117,10923,7/10/1998,Warner Bros.,Summer,No,7,10,1998
Dawn of the Planet of the Apes,3967,18303,7/11/2014,Twentieth Century Fox,Summer,No,7,11,2014
Hellboy II: The Golden Army,3204,10779,7/11/2008,Universal Pictures,Summer,No,7,11,2008
Harry Potter and the Order of the Phoenix,4285,17994,7/11/2007,Warner Bros.,Summer,No,7,11,2007
The League of Extraordinary Gentlemen,3002,7686,7/11/2003,Twentieth Century Fox,Summer,No,7,11,2003
Mission: Impossible - Dead Reckoning Part One,4327,12638,7/12/2023,Paramount Pictures,Summer,No,7,12,2023
Grown Ups 2,3491,11890,7/12/2013,Sony Pictures Releasing,Summer,No,7,12,2013
Pacific Rim,3275,11384,7/12/2013,Warner Bros.,Summer,No,7,12,2013
Road to Perdition,1797,12286,7/12/2002,DreamWorks Distribution,Summer,No,7,12,2002
Hotel Transylvania 3: Summer Vacation,4267,10329,7/13/2018,Sony Pictures Releasing,Summer,No,7,13,2018
Skyscraper,3782,6585,7/13/2018,Universal Pictures,Summer,No,7,13,2018
Ice Age: Continental Drift,3881,12014,7/13/2012,Twentieth Century Fox,Summer,No,7,13,2012
War for the Planet of the Apes,4022,13988,7/14/2017,Twentieth Century Fox,Summer,No,7,14,2017
Little Man,2533,8532,7/14/2006,Revolution Studios,Summer,No,7,14,2006
"You, Me and Dupree",3131,6874,7/14/2006,Universal Pictures,Summer,No,7,14,2006
X-Men,3025,18007,7/14/2000,Twentieth Century Fox,Summer,No,7,14,2000
Ghostbusters,3963,11612,7/15/2016,Sony Pictures Releasing,Summer,No,7,15,2016
Harry Potter and the Deathly Hallows: Part 2,4375,38671,7/15/2011,Warner Bros.,Summer,No,7,15,2011
Harry Potter and the Half-Blood Prince,4325,17996,7/15/2009,Warner Bros.,Summer,No,7,15,2009
Charlie and the Chocolate Factory,3770,14901,7/15/2005,Warner Bros.,Summer,No,7,15,2005
Wedding Crashers,2925,11008,7/15/2005,New Line Cinema,Summer,No,7,15,2005
True Lies,2368,10924,7/15/1994,Twentieth Century Fox,Summer,No,7,15,1994
Space Jam: A New Legacy,3965,7831,7/16/2021,Warner Bros.,Summer,No,7,16,2021
Inception,3792,16557,7/16/2010,Warner Bros.,Summer,No,7,16,2010
"I, Robot",3420,15257,7/16/2004,Twentieth Century Fox,Summer,No,7,16,2004
Eyes Wide Shut,2411,9002,7/16/1999,Warner Bros.,Summer,No,7,16,1999
Ant-Man,3856,14840,7/17/2015,Walt Disney Studios Motion Pictures,Summer,No,7,17,2015
Trainwreck,3158,9530,7/17/2015,Universal Pictures,Summer,No,7,17,2015
The Mask of Zorro,2515,8956,7/17/1998,Sony Pictures Releasing,Summer,No,7,17,1998
The Purge: Anarchy,2805,10629,7/18/2014,Universal Pictures,Summer,No,7,18,2014
The Dark Knight,4366,36282,7/18/2008,Warner Bros.,Summer,No,7,18,2008
Mamma Mia!,2976,9325,7/18/2008,Universal Pictures,Summer,No,7,18,2008
Bad Boys II,3186,14602,7/18/2003,Sony Pictures Releasing,Summer,No,7,18,2003
Jurassic Park III,3434,14784,7/18/2001,Universal Pictures,Summer,No,7,18,2001
The Lion King,4725,40586,7/19/2019,Walt Disney Studios Motion Pictures,Summer,No,7,19,2019
The Conjuring,2903,14417,7/19/2013,Warner Bros.,Summer,No,7,19,2013
The Equalizer 2,3388,10629,7/20/2018,Sony Pictures Releasing,Summer,No,7,20,2018
Mamma Mia! Here We Go Again,3317,10537,7/20/2018,Universal Pictures,Summer,No,7,20,2018
The Dark Knight Rises,4404,36532,7/20/2012,Warner Bros.,Summer,No,7,20,2012
I Now Pronounce You Chuck & Larry,3495,9795,7/20/2007,Universal Pictures,Summer,No,7,20,2007
Hairspray,3121,8907,7/20/2007,New Line Cinema,Summer,No,7,20,2007
America's Sweethearts,3011,10023,7/20/2001,Revolution Studios,Summer,No,7,20,2001
Barbie,4243,38185,7/21/2023,Warner Bros.,Summer,No,7,21,2023
Oppenheimer,3610,22840,7/21/2023,Universal Pictures,Summer,No,7,21,2023
Dunkirk,3720,13578,7/21/2017,Warner Bros.,Summer,No,7,21,2017
Girls Trip,2591,12042,7/21/2017,Universal Pictures,Summer,No,7,21,2017
Monster House,3553,6253,7/21/2006,Sony Pictures Releasing,Summer,No,7,21,2006
What Lies Beneath,2813,10559,7/21/2000,DreamWorks Distribution,Summer,No,7,21,2000
Nope,3785,11721,7/22/2022,Universal Pictures,Summer,No,7,22,2022
Star Trek Beyond,3928,15084,7/22/2016,Paramount Pictures,Summer,No,7,22,2016
Lights Out,2818,7696,7/22/2016,Warner Bros.,Summer,No,7,22,2016
Captain America: The First Avenger,3715,17512,7/22/2011,Paramount Pictures,Summer,No,7,22,2011
Salt,3612,9969,7/23/2010,Sony Pictures Releasing,Summer,No,7,23,2010
The Bourne Supremacy,3165,16594,7/23/2004,Universal Pictures,Summer,No,7,23,2004
The Haunting,2808,11907,7/23/1999,DreamWorks Distribution,Summer,No,7,23,1999
Inspector Gadget,2814,7778,7/23/1999,Walt Disney Studios Motion Pictures,Summer,No,7,23,1999
Pixels,3723,6449,7/24/2015,Sony Pictures Releasing,Summer,No,7,24,2015
G-Force,3697,8576,7/24/2009,Walt Disney Studios Motion Pictures,Summer,No,7,24,2009
The Ugly Truth,2882,9578,7/24/2009,Sony Pictures Releasing,Summer,No,7,24,2009
Saving Private Ryan,2463,12414,7/24/1998,DreamWorks Distribution,Summer,No,7,24,1998
Lucy,3173,13835,7/25/2014,Universal Pictures,Summer,No,7,25,2014
Hercules,3595,8289,7/25/2014,Paramount Pictures,Summer,No,7,25,2014
Step Brothers,3094,10000,7/25/2008,Sony Pictures Releasing,Summer,No,7,25,2008
Spy Kids 3: Game Over,3344,9718,7/25/2003,Dimension Films,Summer,No,7,25,2003
Lara Croft: Tomb Raider - The Cradle of Life,3222,6760,7/25/2003,Paramount Pictures,Summer,No,7,25,2003
Air Force One,2919,12720,7/25/1997,Sony Pictures Releasing,Summer,No,7,25,1997
Once Upon a Time... in Hollywood,3659,11227,7/26/2019,Sony Pictures Releasing,Summer,No,7,26,2019
The Wolverine,3924,13535,7/26/2013,Twentieth Century Fox,Summer,No,7,26,2013
Austin Powers in Goldmember,3613,20224,7/26/2002,New Line Cinema,Summer,No,7,26,2002
Mission: Impossible - Fallout,4386,13961,7/27/2018,Paramount Pictures,Summer,No,7,27,2018
The Simpsons Movie,3922,18877,7/27/2007,Twentieth Century Fox,Summer,No,7,27,2007
Planet of the Apes,3500,19580,7/27/2001,Twentieth Century Fox,Summer,No,7,27,2001
Haunted Mansion,3740,6439,7/28/2023,Walt Disney Studios Motion Pictures,Summer,No,7,28,2023
The Emoji Movie,4075,6020,7/28/2017,Sony Pictures Releasing,Summer,No,7,28,2017
Miami Vice,3021,8515,7/28/2006,Universal Pictures,Summer,No,7,28,2006
Nutty Professor II: The Klumps,3242,13115,7/28/2000,Universal Pictures,Summer,No,7,28,2000
DC League of Super-Pets,4314,5332,7/29/2022,Warner Bros.,Summer,No,7,29,2022
Jason Bourne,4026,14708,7/29/2016,Universal Pictures,Summer,No,7,29,2016
Bad Moms,3215,7408,7/29/2016,STX Entertainment,Summer,No,7,29,2016
Cowboys & Aliens,3750,9715,7/29/2011,Universal Pictures,Summer,No,7,29,2011
The Smurfs,3395,10489,7/29/2011,Sony Pictures Releasing,Summer,No,7,29,2011
The Mask,2360,9795,7/29/1994,New Line Cinema,Summer,No,7,29,1994
Jungle Cruise,4310,8124,7/30/2021,Walt Disney Studios Motion Pictures,Summer,No,7,30,2021
Dinner for Schmucks,2911,8082,7/30/2010,DreamWorks,Summer,No,7,30,2010
The Village,3730,13604,7/30/2004,Walt Disney Studios Motion Pictures,Summer,No,7,30,2004
Runaway Bride,3158,11100,7/30/1999,Paramount Pictures,Summer,No,7,30,1999
Mission: Impossible - Rogue Nation,3956,14034,7/31/2015,Paramount Pictures,Summer,No,7,31,2015
Funny People,3007,7535,7/31/2009,Universal Pictures,Summer,No,7,31,2009
Guardians of the Galaxy,4080,23117,8/1/2014,Walt Disney Studios Motion Pictures,Summer,No,8,1,2014
The Mummy: Tomb of the Dragon Emperor,3760,10760,8/1/2008,Universal Pictures,Summer,No,8,1,2008
American Wedding,3172,10520,8/1/2003,Universal Pictures,Summer,No,8,1,2003
Teenage Mutant Ninja Turtles: Mutant Mayhem,3858,7259,8/2/2023,Paramount Pictures,Summer,No,8,2,2023
Fast & Furious Presents: Hobbs & Shaw,4253,14116,8/2/2019,Universal Pictures,Summer,No,8,2,2019
2 Guns,3025,8945,8/2/2013,Universal Pictures,Summer,No,8,2,2013
Signs,3264,18418,8/2/2002,Walt Disney Studios Motion Pictures,Summer,No,8,2,2002
Christopher Robin,3602,6825,8/3/2018,Walt Disney Studios Motion Pictures,Summer,No,8,3,2018
Total Recall,3601,7102,8/3/2012,Sony Pictures Releasing,Summer,No,8,3,2012
The Bourne Ultimatum,3660,18929,8/3/2007,Universal Pictures,Summer,No,8,3,2007
Rush Hour 2,3118,21619,8/3/2001,New Line Cinema,Summer,No,8,3,2001
The Princess Diaries,2537,9011,8/3/2001,Walt Disney Studios Motion Pictures,Summer,No,8,3,2001
Meg 2: The Trench,3503,8564,8/4/2023,Warner Bros.,Summer,No,8,4,2023
Talladega Nights: The Ballad of Ricky Bobby,3803,12369,8/4/2006,Sony Pictures Releasing,Summer,No,8,4,2006
Hollow Man,2956,8935,8/4/2000,Sony Pictures Releasing,Summer,No,8,4,2000
Bullet Train,4357,6892,8/5/2022,Sony Pictures Releasing,Summer,No,8,5,2022
Suicide Squad,4255,31417,8/5/2016,Warner Bros.,Summer,No,8,5,2016
Rise of the Planet of the Apes,3648,15023,8/5/2011,Twentieth Century Fox,Summer,No,8,5,2011
The Dukes of Hazzard,3785,8104,8/5/2005,Warner Bros.,Summer,No,8,5,2005
The Suicide Squad,4002,6548,8/6/2021,Warner Bros.,Summer,No,8,6,2021
The Other Guys,3651,9735,8/6/2010,Sony Pictures Releasing,Summer,No,8,6,2010
Pineapple Express,3072,7566,8/6/2008,Sony Pictures Releasing,Summer,No,8,6,2008
Collateral,3188,7748,8/6/2004,DreamWorks Distribution,Summer,No,8,6,2004
Freaky Friday,2954,7516,8/6/2003,Walt Disney Studios Motion Pictures,Summer,No,8,6,2003
The Sixth Sense,2161,12346,8/6/1999,Walt Disney Studios Motion Pictures,Summer,No,8,6,1999
The Fugitive,2340,10153,8/6/1993,Warner Bros.,Summer,No,8,6,1993
Fantastic Four,3995,6429,8/7/2015,Twentieth Century Fox,Summer,No,8,7,2015
We're the Millers,3260,8104,8/7/2013,Warner Bros.,Summer,No,8,7,2013
G.I. Joe: The Rise of Cobra,4007,13654,8/7/2009,Paramount Pictures,Summer,No,8,7,2009
Teenage Mutant Ninja Turtles,3845,17054,8/8/2014,Paramount Pictures,Summer,No,8,8,2014
S.W.A.T.,3202,11574,8/8/2003,Sony Pictures Releasing,Summer,No,8,8,2003
Elysium,3284,9076,8/9/2013,TriStar Pictures,Summer,No,8,9,2013
Planes,3702,6005,8/9/2013,Walt Disney Studios Motion Pictures,Summer,No,8,9,2013
xXx,3374,13190,8/9/2002,Revolution Studios,Summer,No,8,9,2002
The Meg,4118,11025,8/10/2018,Warner Bros.,Summer,No,8,10,2018
The Bourne Legacy,3745,10185,8/10/2012,Universal Pictures,Summer,No,8,10,2012
The Campaign,3205,8295,8/10/2012,Warner Bros.,Summer,No,8,10,2012
The Help,2534,10278,8/10/2011,Walt Disney Studios Motion Pictures,Summer,No,8,10,2011
Rush Hour 3,3778,13297,8/10/2007,New Line Cinema,Summer,No,8,10,2007
American Pie 2,3063,14729,8/10/2001,Universal Pictures,Summer,No,8,10,2001
Annabelle: Creation,3502,9996,8/11/2017,Warner Bros.,Summer,No,8,11,2017
The Princess Diaries 2: Royal Engagement,3472,6611,8/11/2004,Walt Disney Studios Motion Pictures,Summer,No,8,11,2004
Sausage Party,3103,11042,8/12/2016,Sony Pictures Releasing,Summer,No,8,12,2016
Pete's Dragon,3702,5811,8/12/2016,Walt Disney Studios Motion Pictures,Summer,No,8,12,2016
Free Guy,4165,6810,8/13/2021,20th Century Studios,Summer,No,8,13,2021
The Expendables,3270,10649,8/13/2010,Lionsgate Films,Summer,No,8,13,2010
Eat Pray Love,3082,7496,8/13/2010,Sony Pictures Releasing,Summer,No,8,13,2010
Tropic Thunder,3319,7777,8/13/2008,DreamWorks,Summer,No,8,13,2008
Alien vs. Predator,3395,11278,8/13/2004,Twentieth Century Fox,Summer,No,8,13,2004
Straight Outta Compton,2757,21835,8/14/2015,Universal Pictures,Summer,No,8,14,2015
District 9,3049,12251,8/14/2009,TriStar Pictures,Summer,No,8,14,2009
Crazy Rich Asians,3384,7833,8/15/2018,Warner Bros.,Summer,No,8,15,2018
Freddy vs. Jason,3014,12076,8/15/2003,New Line Cinema,Summer,No,8,15,2003
The Butler,2933,8400,8/16/2013,The Weinstein Company,Summer,No,8,16,2013
The Expendables 2,3316,8622,8/17/2012,Lionsgate Films,Summer,No,8,17,2012
Superbad,2948,11211,8/17/2007,Sony Pictures Releasing,Summer,No,8,17,2007
Blue Beetle,3871,6466,8/18/2023,Warner Bros.,Summer,No,8,18,2023
Mortal Kombat,2421,9617,8/18/1995,New Line Cinema,Summer,No,8,18,1995
Inglourious Basterds,3165,12023,8/21/2009,The Weinstein Company,Summer,No,8,21,2009
Don't Breathe,3051,8656,8/26/2016,Screen Gems,Summer,No,8,26,2016
Candyman,3569,6164,8/27/2021,Universal Pictures,Summer,No,8,27,2021
The Final Destination,3121,8781,8/28/2009,Warner Bros.,Summer,No,8,28,2009
Halloween,3472,7592,8/31/2007,-,Summer,No,8,31,2007
The Equalizer 3,3965,8727,9/1/2023,Columbia Pictures,Fall,Yes,9,1,2023
Shang-Chi and the Legend of the Ten Rings,4300,17532,9/3/2021,Walt Disney Studios Motion Pictures,Fall,Yes,9,3,2021
It Chapter Two,4570,19926,9/6/2019,Warner Bros.,Fall,Yes,9,6,2019
The Nun,3876,13882,9/7/2018,Warner Bros.,Fall,No,9,7,2018
The Nun II,3728,8745,9/8/2023,Warner Bros.,Fall,No,9,8,2023
It,4103,30076,9/8/2017,Warner Bros.,Fall,No,9,8,2017
Sully,3525,9937,9/9/2016,Warner Bros.,Fall,No,9,9,2016
Contagion,3222,6953,9/9/2011,Warner Bros.,Fall,No,9,9,2011
The Exorcism of Emily Rose,2981,10081,9/9/2005,Screen Gems,Fall,No,9,9,2005
Resident Evil: Afterlife,3203,8320,9/10/2010,Screen Gems,Fall,No,9,10,2010
Resident Evil: Apocalypse,3284,7014,9/10/2004,Screen Gems,Fall,No,9,10,2004
The Perfect Guy,2221,11656,9/11/2015,Screen Gems,Fall,No,9,11,2015
The Visit,3069,8285,9/11/2015,Universal Pictures,Fall,No,9,11,2015
I Can Do Bad All by Myself,2255,10397,9/11/2009,Lionsgate Films,Fall,No,9,11,2009
No Good Deed,2175,11149,9/12/2014,Screen Gems,Fall,No,9,12,2014
Once Upon a Time in Mexico,3282,7137,9/12/2003,Sony Pictures Releasing,Fall,No,9,12,2003
Hustlers,3250,10209,9/13/2019,STX Entertainment,Fall,No,9,13,2019
Insidious: Chapter 2,3049,13208,9/13/2013,FilmDistrict,Fall,No,9,13,2013
The Predator,4037,6101,9/14/2018,Twentieth Century Fox,Fall,No,9,14,2018
The Lion King (2011 3D Release),2330,12940,9/16/2011,Walt Disney Studios Motion Pictures,Fall,No,9,16,2011
The Town,2861,8321,9/17/2010,Warner Bros.,Fall,No,9,17,2010
Maze Runner: The Scorch Trials,3791,7996,9/18/2015,Twentieth Century Fox,Fall,No,9,18,2015
Black Mass,3188,7100,9/18/2015,Warner Bros.,Fall,No,9,18,2015
Cloudy with a Chance of Meatballs,3119,9716,9/18/2009,Sony Pictures Releasing,Fall,No,9,18,2009
Rush Hour,2638,12510,9/18/1998,New Line Cinema,Fall,No,9,18,1998
The Maze Runner,3604,9021,9/19/2014,Twentieth Century Fox,Fall,No,9,19,2014
Underworld,2915,7462,9/19/2003,Screen Gems,Fall,No,9,19,2003
Downton Abbey,3079,10079,9/20/2019,Focus Features,Fall,No,9,20,2019
The House with a Clock in Its Walls,3592,7407,9/21/2018,Universal Pictures,Fall,No,9,21,2018
Resident Evil: Extinction,2828,8372,9/21/2007,Screen Gems,Fall,No,9,21,2007
Kingsman: The Golden Circle,4003,9748,9/22/2017,Twentieth Century Fox,Fall,No,9,22,2017
Jackass Number Two,3059,9480,9/22/2006,Paramount Pictures,Fall,No,9,22,2006
The Magnificent Seven,3674,9445,9/23/2016,Sony Pictures Releasing,Fall,No,9,23,2016
Flightplan,3424,7193,9/23/2005,Walt Disney Studios Motion Pictures,Fall,No,9,23,2005
Double Jeopardy,2547,9094,9/24/1999,Paramount Pictures,Fall,No,9,24,1999
Hotel Transylvania 2,3754,12910,9/25/2015,Sony Pictures Releasing,Fall,No,9,25,2015
The Equalizer,3236,10549,9/26/2014,Sony Pictures Releasing,Fall,No,9,26,2014
Eagle Eye,3510,8305,9/26/2008,DreamWorks,Fall,No,9,26,2008
Cloudy with a Chance of Meatballs 2,4001,8502,9/27/2013,Sony Pictures Releasing,Fall,No,9,27,2013
Sweet Home Alabama,3293,10825,9/27/2002,Walt Disney Studios Motion Pictures,Fall,No,9,27,2002
Night School,3010,9055,9/28/2018,Universal Pictures,Fall,No,9,28,2018
Smallfoot,4131,5578,9/28/2018,Warner Bros.,Fall,No,9,28,2018
Hotel Transylvania,3349,12696,9/28/2012,Sony Pictures Releasing,Fall,No,9,28,2012
The Game Plan,3103,7396,9/28/2007,Walt Disney Studios Motion Pictures,Fall,No,9,28,2007
PAW Patrol: The Mighty Movie,3989,5706,9/29/2023,Paramount Pictures,Fall,No,9,29,2023
Open Season,3833,6163,9/29/2006,Sony Pictures Releasing,Fall,No,9,29,2006
Smile,3645,6202,9/30/2022,Paramount Pictures,Fall,No,9,30,2022
Miss Peregrine's Home for Peculiar Children,3522,8197,9/30/2016,Twentieth Century Fox,Fall,No,9,30,2016
Venom: Let There Be Carnage,4225,21309,10/1/2021,Sony Pictures Releasing,Fall,No,10,1,2021
The Social Network,2771,8100,10/1/2010,Sony Pictures Releasing,Fall,No,10,1,2010
Shark Tale,4016,11853,10/1/2004,DreamWorks Distribution,Fall,No,10,1,2004
Ladder 49,3260,6775,10/1/2004,Walt Disney Studios Motion Pictures,Fall,No,10,1,2004
The Martian,3831,14176,10/2/2015,Twentieth Century Fox,Fall,No,10,2,2015
Zombieland,3036,8146,10/2/2009,Sony Pictures Releasing,Fall,No,10,2,2009
Gone Girl,3014,12446,10/3/2014,Twentieth Century Fox,Fall,No,10,3,2014
Annabelle,3185,11659,10/3/2014,Warner Bros.,Fall,No,10,3,2014
Beverly Hills Chihuahua,3215,9113,10/3/2008,Walt Disney Studios Motion Pictures,Fall,No,10,3,2008
Joker,4374,21994,10/4/2019,Warner Bros.,Fall,No,10,4,2019
Gravity,3575,15604,10/4/2013,Warner Bros.,Fall,No,10,4,2013
Red Dragon,3357,10885,10/4/2002,Universal Pictures,Fall,No,10,4,2002
Venom,4250,18883,10/5/2018,Sony Pictures Releasing,Fall,No,10,5,2018
A Star Is Born,3686,11640,10/5/2018,Warner Bros.,Fall,No,10,5,2018
Taken 2,3661,13524,10/5/2012,Twentieth Century Fox,Fall,No,10,5,2012
Training Day,2712,8315,10/5/2001,Warner Bros.,Fall,No,10,5,2001
The Exorcist: Believer,3663,7233,10/6/2023,Universal Pictures,Fall,No,10,6,2023
Blade Runner 2049,4058,8071,10/6/2017,Warner Bros.,Fall,No,10,6,2017
The Departed,3017,8911,10/6/2006,Warner Bros.,Fall,No,10,6,2006
Meet the Parents,2614,10950,10/6/2000,Universal Pictures,Fall,No,10,6,2000
The Girl on the Train,3144,7804,10/7/2016,Universal Pictures,Fall,No,10,7,2016
Real Steel,3440,7941,10/7/2011,Walt Disney Studios Motion Pictures,Fall,No,10,7,2011
No Time to Die,4407,12531,10/8/2021,Metro-Goldwyn-Mayer (MGM),Fall,No,10,8,2021
Couples Retreat,3000,11428,10/9/2009,Universal Pictures,Fall,No,10,9,2009
Dracula Untold,2885,8150,10/10/2014,Universal Pictures,Fall,Yes,10,10,2014
Kill Bill: Vol. 1,3102,7156,10/10/2003,Miramax,Fall,Yes,10,10,2003
The Addams Family,4007,7561,10/11/2019,United Artists Releasing,Fall,Yes,10,11,2019
Captain Phillips,3020,8515,10/11/2013,Sony Pictures Releasing,Fall,Yes,10,11,2013
Taylor Swift: The Eras Tour,3855,24182,10/13/2023,-,Fall,Yes,10,13,2023
Happy Death Day,3149,8268,10/13/2017,Universal Pictures,Fall,Yes,10,13,2017
Halloween Ends,3901,10266,10/14/2022,Universal Pictures,Fall,Yes,10,14,2022
The Accountant,3332,7416,10/14/2016,Warner Bros.,Fall,Yes,10,14,2016
Halloween Kills,3705,13334,10/15/2021,Universal Pictures,Fall,Yes,10,15,2021
Jackass 3D,3081,16343,10/15/2010,Paramount Pictures,Fall,Yes,10,15,2010
RED,3255,6685,10/15/2010,Summit Entertainment,Fall,Yes,10,15,2010
Goosebumps,3501,6746,10/16/2015,Sony Pictures Releasing,Fall,No,10,16,2015
Where the Wild Things Are,3735,8753,10/16/2009,Warner Bros.,Fall,No,10,16,2009
Fury,3173,7470,10/17/2014,Sony Pictures Releasing,Fall,No,10,17,2014
The Texas Chainsaw Massacre,3016,9648,10/17/2003,New Line Cinema,Fall,No,10,17,2003
Maleficent: Mistress of Evil,3790,9749,10/18/2019,Walt Disney Studios Motion Pictures,Fall,No,10,18,2019
Zombieland: Double Tap,3468,7728,10/18/2019,Sony Pictures Releasing,Fall,No,10,18,2019
Halloween,3928,19404,10/19/2018,Universal Pictures,Fall,No,10,19,2018
Paranormal Activity 4,3412,8500,10/19/2012,Paramount Pictures,Fall,No,10,19,2012
Killers of the Flower Moon,3628,6409,10/20/2023,Paramount Pictures,Fall,No,10,20,2023
Black Adam,4402,15221,10/21/2022,Warner Bros.,Fall,No,10,21,2022
Boo! A Madea Halloween,2260,12611,10/21/2016,Lionsgate Films,Fall,No,10,21,2016
Jack Reacher: Never Go Back,3780,6050,10/21/2016,Paramount Pictures,Fall,No,10,21,2016
Paranormal Activity 3,3321,15829,10/21/2011,Paramount Pictures,Fall,No,10,21,2011
Dune: Part One,4125,9942,10/22/2021,Warner Bros.,Fall,No,10,22,2021
Paranormal Activity 2,3216,12648,10/22/2010,Paramount Pictures,Fall,No,10,22,2010
The Grudge,3245,12058,10/22/2004,Sony Pictures Releasing,Fall,No,10,22,2004
High School Musical 3: Senior Year,3623,11600,10/24/2008,Walt Disney Studios Motion Pictures,Fall,No,10,24,2008
Saw V,3060,9821,10/24/2008,Lionsgate Films,Fall,No,10,24,2008
Scary Movie 3,3505,14179,10/24/2003,Dimension Films,Fall,No,10,24,2003
Jackass Presents: Bad Grandpa,3336,9608,10/25/2013,Paramount Pictures,Fall,No,10,25,2013
Jackass: The Movie,2509,9072,10/25/2002,Paramount Pictures,Fall,No,10,25,2002
Saw IV,3183,9976,10/26/2007,Lionsgate Films,Fall,No,10,26,2007
Five Nights at Freddy's,3675,21769,10/27/2023,Universal Pictures International (UPI),Fall,No,10,27,2023
Saw III,3167,10612,10/27/2006,Lionsgate Films,Fall,No,10,27,2006
Puss in Boots,3952,8622,10/28/2011,DreamWorks,Fall,No,10,28,2011
This Is It,3481,6674,10/28/2009,Sony Pictures Releasing,Fall,No,10,28,2009
Saw II,2949,10758,10/28/2005,Lionsgate Films,Fall,No,10,28,2005
Saw 3D,2808,8023,10/29/2010,Lionsgate Films,Fall,No,10,29,2010
Terminator: Dark Fate,4086,7105,11/1/2019,Paramount Pictures,Fall,No,11,1,2019
Ender's Game,3407,7929,11/1/2013,Lionsgate Films,Fall,No,11,1,2013
The Santa Clause 2,3350,8659,11/1/2002,Walt Disney Studios Motion Pictures,Fall,No,11,1,2002
Bohemian Rhapsody,4000,12765,11/2/2018,Twentieth Century Fox,Fall,No,11,2,2018
Wreck-It Ralph,3752,13070,11/2/2012,Walt Disney Studios Motion Pictures,Fall,No,11,2,2012
Flight,1884,13216,11/2/2012,Paramount Pictures,Fall,No,11,2,2012
American Gangster,3054,14264,11/2/2007,Universal Pictures,Fall,No,11,2,2007
Bee Movie,3928,9679,11/2/2007,DreamWorks,Fall,No,11,2,2007
"Monsters, Inc.",3237,19331,11/2/2001,Walt Disney Studios Motion Pictures,Fall,No,11,2,2001
Thor: Ragnarok,4080,30084,11/3/2017,Walt Disney Studios Motion Pictures,Fall,No,11,3,2017
Borat,837,31607,11/3/2006,Twentieth Century Fox,Fall,No,11,3,2006
Charlie's Angels,3037,13213,11/3/2000,Sony Pictures Releasing,Fall,No,11,3,2000
Doctor Strange,3882,21910,11/4/2016,Walt Disney Studios Motion Pictures,Fall,No,11,4,2016
Trolls,4060,11473,11/4/2016,Twentieth Century Fox,Fall,No,11,4,2016
Tower Heist,3367,7135,11/4/2011,Universal Pictures,Fall,No,11,4,2011
Chicken Little,3654,10960,11/4/2005,Walt Disney Studios Motion Pictures,Fall,No,11,4,2005
Jarhead,2411,11499,11/4/2005,Universal Pictures,Fall,No,11,4,2005
Eternals,4090,17432,11/5/2021,Walt Disney Studios Motion Pictures,Fall,No,11,5,2021
Interstellar,3561,13341,11/5/2014,Paramount Pictures,Fall,No,11,5,2014
Megamind,3944,11667,11/5/2010,DreamWorks,Fall,No,11,5,2010
Due Date,3355,9743,11/5/2010,Warner Bros.,Fall,No,11,5,2010
The Incredibles,3933,17917,11/5/2004,Walt Disney Studios Motion Pictures,Fall,No,11,5,2004
The Matrix Revolutions,3502,13842,11/5/2003,Warner Bros.,Fall,No,11,5,2003
Spectre,3929,17918,11/6/2015,Sony Pictures Releasing,Fall,No,11,6,2015
The Peanuts Movie,3897,11345,11/6/2015,Twentieth Century Fox,Fall,No,11,6,2015
A Christmas Carol,3683,8159,11/6/2009,Walt Disney Studios Motion Pictures,Fall,No,11,6,2009
The Waterboy,2664,14795,11/6/1998,Walt Disney Studios Motion Pictures,Fall,No,11,6,1998
Big Hero 6,3761,14947,11/7/2014,Walt Disney Studios Motion Pictures,Fall,No,11,7,2014
Madagascar: Escape 2 Africa,4056,15558,11/7/2008,DreamWorks,Fall,No,11,7,2008
Elf,3337,9619,11/7/2003,New Line Cinema,Fall,No,11,7,2003
Starship Troopers,2971,7424,11/7/1997,Sony Pictures Releasing,Fall,No,11,7,1997
Thor: The Dark World,3841,22321,11/8/2013,Walt Disney Studios Motion Pictures,Fall,No,11,8,2013
8 Mile,2470,20745,11/8/2002,Universal Pictures,Fall,No,11,8,2002
Ransom,2676,12786,11/8/1996,Walt Disney Studios Motion Pictures,Fall,No,11,8,1996
The Grinch,4141,16318,11/9/2018,Universal Pictures,Fall,No,11,9,2018
Skyfall,3505,25211,11/9/2012,Sony Pictures Releasing,Fall,No,11,9,2012
Shallow Hal,2770,8129,11/9/2001,Twentieth Century Fox,Fall,No,11,9,2001
The Marvels,4030,11441,11/10/2023,Walt Disney Studios Motion Pictures,Fall,Yes,11,10,2023
Daddy's Home 2,3575,8294,11/10/2017,Paramount Pictures,Fall,Yes,11,10,2017
Murder on the Orient Express,3341,8584,11/10/2017,Twentieth Century Fox,Fall,Yes,11,10,2017
The Polar Express,3650,6389,11/10/2004,Warner Bros.,Fall,Yes,11,10,2004
Pokémon: The First Movie - Mewtwo Strikes Back,3043,10199,11/10/1999,Warner Bros.,Fall,Yes,11,10,1999
Ace Ventura: When Nature Calls,2652,14254,11/10/1995,Warner Bros.,Fall,Yes,11,10,1995
Black Panther: Wakanda Forever,4396,41251,11/11/2022,Walt Disney Studios Motion Pictures,Fall,Yes,11,11,2022
Arrival,2317,10390,11/11/2016,Paramount Pictures,Fall,Yes,11,11,2016
Immortals,3112,10349,11/11/2011,Relativity Media,Fall,Yes,11,11,2011
Jack and Jill,3438,7272,11/11/2011,Sony Pictures Releasing,Fall,Yes,11,11,2011
Interview with the Vampire: The Vampire Chronicles,2604,13974,11/11/1994,Warner Bros.,Fall,Yes,11,11,1994
Unstoppable,3207,7074,11/12/2010,Twentieth Century Fox,Fall,Yes,11,12,2010
2012,3404,19164,11/13/2009,Sony Pictures Releasing,Fall,No,11,13,2009
Bram Stoker's Dracula,2491,12252,11/13/1992,Columbia Pictures,Fall,No,11,13,1992
Dumb and Dumber To,3154,11449,11/14/2014,Universal Pictures,Fall,No,11,14,2014
Quantum of Solace,3451,19567,11/14/2008,Sony Pictures Releasing,Fall,No,11,14,2008
Master and Commander: The Far Side of the World,3101,8096,11/14/2003,Twentieth Century Fox,Fall,No,11,14,2003
Ford v Ferrari,3528,8921,11/15/2019,Twentieth Century Fox,Fall,No,11,15,2019
The Best Man Holiday,2024,14875,11/15/2013,Universal Pictures,Fall,No,11,15,2013
Harry Potter and the Chamber of Secrets,3682,23997,11/15/2002,Warner Bros.,Fall,No,11,15,2002
Space Jam,2650,10388,11/15/1996,Warner Bros.,Fall,No,11,15,1996
Fantastic Beasts: The Crimes of Grindelwald,4163,14932,11/16/2018,Warner Bros.,Fall,No,11,16,2018
The Twilight Saga: Breaking Dawn - Part 2,4070,34660,11/16/2012,Lionsgate Films,Fall,No,11,16,2012
Beowulf,3153,8726,11/16/2007,Paramount Pictures,Fall,No,11,16,2007
Harry Potter and the Sorcerer's Stone,3672,24590,11/16/2001,Warner Bros.,Fall,No,11,16,2001
The Hunger Games: The Ballad of Songbirds & Snakes,3776,11813,11/17/2023,Lionsgate Films,Fall,No,11,17,2023
Trolls Band Together,3870,7752,11/17/2023,Universal Pictures,Fall,No,11,17,2023
Justice League,4051,23165,11/17/2017,Warner Bros.,Fall,No,11,17,2017
Wonder,3096,8897,11/17/2017,Lionsgate Films,Fall,No,11,17,2017
Happy Feet,3804,10918,11/17/2006,Warner Bros.,Fall,No,11,17,2006
Casino Royale,3434,11890,11/17/2006,Sony Pictures Releasing,Fall,No,11,17,2006
How the Grinch Stole Christmas,3127,17615,11/17/2000,Universal Pictures,Fall,No,11,17,2000
Rugrats in Paris,2934,7743,11/17/2000,Paramount Pictures,Fall,No,11,17,2000
GoldenEye,2667,9825,11/17/1995,Metro-Goldwyn-Mayer (MGM),Fall,No,11,17,1995
Fantastic Beasts and Where to Find Them,4144,17954,11/18/2016,Warner Bros.,Fall,No,11,18,2016
The Twilight Saga: Breaking Dawn - Part 1,4061,34011,11/18/2011,Summit Entertainment,Fall,No,11,18,2011
Harry Potter and the Goblet of Fire,3858,26616,11/18/2005,Warner Bros.,Fall,No,11,18,2005
Walk the Line,2961,7547,11/18/2005,Twentieth Century Fox,Fall,No,11,18,2005
Star Trek: Generations,2659,8693,11/18/1994,Paramount Pictures,Fall,No,11,18,1994
Ghostbusters: Afterlife,4315,10198,11/19/2021,Sony Pictures Releasing,Fall,No,11,19,2021
Harry Potter and the Deathly Hallows: Part 1,4125,30307,11/19/2010,Warner Bros.,Fall,No,11,19,2010
National Treasure,3017,11648,11/19/2004,Walt Disney Studios Motion Pictures,Fall,No,11,19,2004
The SpongeBob SquarePants Movie,3212,9968,11/19/2004,Paramount Pictures,Fall,No,11,19,2004
The World Is Not Enough,3163,11229,11/19/1999,Metro-Goldwyn-Mayer (MGM),Fall,No,11,19,1999
Sleepy Hollow,3064,9810,11/19/1999,Paramount Pictures,Fall,No,11,19,1999
The Hunger Games: Mockingjay - Part 2,4175,24590,11/20/2015,Lionsgate Films,Fall,No,11,20,2015
The Twilight Saga: New Moon,4024,35496,11/20/2009,Summit Entertainment,Fall,No,11,20,2009
The Blind Side,3110,10970,11/20/2009,Warner Bros.,Fall,No,11,20,2009
The Rugrats Movie,2782,9820,11/20/1998,Paramount Pictures,Fall,No,11,20,1998
Home Alone 2: Lost in New York,2222,14008,11/20/1992,Twentieth Century Fox,Fall,No,11,20,1992
Ralph Breaks the Internet,4017,13999,11/21/2018,Walt Disney Studios Motion Pictures,Fall,No,11,21,2018
Creed II,3441,10338,11/21/2018,Metro-Goldwyn-Mayer (MGM),Fall,No,11,21,2018
The Hunger Games: Mockingjay - Part 1,4151,29365,11/21/2014,Lionsgate Films,Fall,No,11,21,2014
Rise of the Guardians,3653,6507,11/21/2012,DreamWorks,Fall,No,11,21,2012
Life of Pi,2927,7670,11/21/2012,Twentieth Century Fox,Fall,No,11,21,2012
Twilight,3419,20367,11/21/2008,Summit Entertainment,Fall,No,11,21,2008
Bolt,3651,7182,11/21/2008,Walt Disney Studios Motion Pictures,Fall,No,11,21,2008
Enchanted,3730,9233,11/21/2007,Walt Disney Studios Motion Pictures,Fall,No,11,21,2007
The Cat in the Hat,3464,11065,11/21/2003,Universal Pictures,Fall,No,11,21,2003
Spy Game,2770,7830,11/21/2001,Universal Pictures,Fall,No,11,21,2001
Frozen II,4440,29338,11/22/2019,Walt Disney Studios Motion Pictures,Fall,No,11,22,2019
Coco,3987,12742,11/22/2017,Walt Disney Studios Motion Pictures,Fall,No,11,22,2017
The Hunger Games: Catching Fire,4163,37971,11/22/2013,Lionsgate Films,Fall,No,11,22,2013
Die Another Day,3314,14203,11/22/2002,Metro-Goldwyn-Mayer (MGM),Fall,No,11,22,2002
Unbreakable,2708,11200,11/22/2000,Walt Disney Studios Motion Pictures,Fall,No,11,22,2000
Star Trek: First Contact,2812,10923,11/22/1996,Paramount Pictures,Fall,No,11,22,1996
Toy Story,2457,11860,11/22/1995,Walt Disney Studios Motion Pictures,Fall,No,11,22,1995
The Addams Family,2411,10038,11/22/1991,Paramount Pictures,Fall,No,11,22,1991
Back to the Future Part II,1865,14925,11/22/1989,Universal Pictures,Fall,No,11,22,1989
Moana,3875,14614,11/23/2016,Walt Disney Studios Motion Pictures,Fall,Yes,11,23,2016
The Muppets,3440,8499,11/23/2011,Walt Disney Studios Motion Pictures,Fall,Yes,11,23,2011
Encanto,3980,6835,11/24/2021,Walt Disney Studios Motion Pictures,Fall,Yes,11,24,2021
Tangled,3603,13535,11/24/2010,Walt Disney Studios Motion Pictures,Fall,Yes,11,24,2010
Christmas with the Kranks,3393,6357,11/24/2004,Revolution Studios,Fall,Yes,11,24,2004
The Good Dinosaur,3749,10444,11/25/2015,Walt Disney Studios Motion Pictures,Fall,Yes,11,25,2015
Creed,3404,8705,11/25/2015,Warner Bros.,Fall,Yes,11,25,2015
Penguins of Madagascar,3764,6760,11/26/2014,Twentieth Century Fox,Fall,Yes,11,26,2014
Four Christmases,3310,9386,11/26/2008,Warner Bros.,Fall,Yes,11,26,2008
The Haunted Mansion,3122,7776,11/26/2003,Walt Disney Studios Motion Pictures,Fall,Yes,11,26,2003
Flubber,2641,10119,11/26/1997,Walt Disney Studios Motion Pictures,Fall,Yes,11,26,1997
Knives Out,3461,7734,11/27/2019,Lionsgate Films,Fall,Yes,11,27,2019
101 Dalmatians,2794,11991,11/27/1996,Walt Disney Studios Motion Pictures,Fall,Yes,11,27,1996
Renaissance: A Film by Beyoncé,2539,8586,12/1/2023,-,Winter,No,12,1,2023
The Last Samurai,2908,8346,12/5/2003,Warner Bros.,Winter,No,12,5,2003
The Golden Compass,3528,7405,12/7/2007,New Line Cinema,Winter,No,12,7,2007
Ocean's Eleven,3075,12392,12/7/2001,Warner Bros.,Winter,No,12,7,2001
"The Chronicles of Narnia: The Lion, the Witch and the Wardrobe",3616,18129,12/9/2005,Walt Disney Studios Motion Pictures,Winter,No,12,9,2005
The Chronicles of Narnia: The Voyage of the Dawn Treader,3555,6752,12/10/2010,Twentieth Century Fox,Winter,No,12,10,2010
Ocean's Twelve,3290,11900,12/10/2004,Warner Bros.,Winter,No,12,10,2004
Star Trek: Insurrection,2620,8417,12/11/1998,Paramount Pictures,Winter,No,12,11,1998
Exodus: Gods and Kings,3503,6884,12/12/2014,Twentieth Century Fox,Winter,No,12,12,2014
The Day the Earth Stood Still,3560,8561,12/12/2008,Twentieth Century Fox,Winter,No,12,12,2008
Scream 2,2663,12364,12/12/1997,Dimension Films,Winter,No,12,12,1997
Jumanji: The Next Level,4227,14017,12/13/2019,Sony Pictures Releasing,Winter,No,12,13,2019
The Hobbit: The Desolation of Smaug,3903,18868,12/13/2013,Warner Bros.,Winter,No,12,13,2013
Spider-Man: Into the Spider-Verse,3813,9274,12/14/2018,Sony Pictures Releasing,Winter,No,12,14,2018
The Hobbit: An Unexpected Journey,4045,20918,12/14/2012,Warner Bros.,Winter,No,12,14,2012
I Am Legend,3606,21411,12/14/2007,Warner Bros.,Winter,No,12,14,2007
Alvin and the Chipmunks,3475,12750,12/14/2007,Twentieth Century Fox,Winter,No,12,14,2007
King Kong,3568,14049,12/14/2005,Universal Pictures,Winter,No,12,14,2005
Vanilla Sky,2742,9123,12/14/2001,Paramount Pictures,Winter,No,12,14,2001
Wonka,4203,9280,12/15/2023,Warner Bros.,Winter,No,12,15,2023
Star Wars: Episode VIII - The Last Jedi,4232,51987,12/15/2017,Walt Disney Studios Motion Pictures,Winter,No,12,15,2017
The Pursuit of Happyness,2852,9306,12/15/2006,Sony Pictures Releasing,Winter,No,12,15,2006
Eragon,3020,7695,12/15/2006,Twentieth Century Fox,Winter,No,12,15,2006
What Women Want,3012,11160,12/15/2000,Paramount Pictures,Winter,No,12,15,2000
Avatar: The Way of Water,4202,31913,12/16/2022,20th Century Studios,Winter,No,12,16,2022
Rogue One: A Star Wars Story,4157,37306,12/16/2016,Walt Disney Studios Motion Pictures,Winter,No,12,16,2016
Sherlock Holmes: A Game of Shadows,3703,10704,12/16/2011,Warner Bros.,Winter,No,12,16,2011
Alvin and the Chipmunks: Chipwrecked,3723,6243,12/16/2011,Twentieth Century Fox,Winter,No,12,16,2011
Spider-Man: No Way Home,4336,59995,12/17/2021,Sony Pictures Releasing,Winter,No,12,17,2021
The Hobbit: The Battle of the Five Armies,3875,14122,12/17/2014,Warner Bros.,Winter,No,12,17,2014
Tron: Legacy,3451,12757,12/17/2010,Walt Disney Studios Motion Pictures,Winter,No,12,17,2010
A Series of Unfortunate Events,3620,8304,12/17/2004,Paramount Pictures,Winter,No,12,17,2004
The Lord of the Rings: The Return of the King,3703,19613,12/17/2003,New Line Cinema,Winter,No,12,17,2003
Star Wars: Episode VII - The Force Awakens,4134,59982,12/18/2015,Walt Disney Studios Motion Pictures,Winter,No,12,18,2015
Anchorman 2: The Legend Continues,3507,7480,12/18/2013,Paramount Pictures,Winter,No,12,18,2013
Avatar,3452,22313,12/18/2009,Twentieth Century Fox,Winter,No,12,18,2009
The Lord of the Rings: The Two Towers,3622,17119,12/18/2002,New Line Cinema,Winter,No,12,18,2002
Mary Poppins Returns,4090,5751,12/19/2018,Walt Disney Studios Motion Pictures,Winter,No,12,19,2018
The Lord of the Rings: The Fellowship of the Ring,3359,14055,12/19/2001,New Line Cinema,Winter,No,12,19,2001
Titanic,2674,10709,12/19/1997,Paramount Pictures,Winter,No,12,19,1997
Tomorrow Never Dies,2807,8957,12/19/1997,Metro-Goldwyn-Mayer (MGM),Winter,No,12,19,1997
Star Wars: Episode IX - The Rise of Skywalker,4406,40259,12/20/2019,Walt Disney Studios Motion Pictures,Winter,No,12,20,2019
Jumanji: Welcome to the Jungle,3765,9606,12/20/2017,Sony Pictures Releasing,Winter,No,12,20,2017
Aquaman,4125,16454,12/21/2018,Warner Bros.,Winter,Yes,12,21,2018
Bumblebee,3550,6099,12/21/2018,Paramount Pictures,Winter,Yes,12,21,2018
Sing,4022,8766,12/21/2016,Universal Pictures,Winter,Yes,12,21,2016
National Treasure: Book of Secrets,3832,11686,12/21/2007,Walt Disney Studios Motion Pictures,Winter,Yes,12,21,2007
Aquaman and the Lost Kingdom,3706,7470,12/22/2023,Warner Bros.,Winter,Yes,12,22,2023
Sing 2,3892,5736,12/22/2021,Universal Pictures,Winter,Yes,12,22,2021
Little Fockers,3536,8719,12/22/2010,Universal Pictures,Winter,Yes,12,22,2010
True Grit,3047,8149,12/22/2010,Paramount Pictures,Winter,Yes,12,22,2010
Night at the Museum,3685,8258,12/22/2006,Twentieth Century Fox,Winter,Yes,12,22,2006
Meet the Fockers,3518,13110,12/22/2004,Universal Pictures,Winter,Yes,12,22,2004
Cast Away,2774,10412,12/22/2000,Twentieth Century Fox,Winter,Yes,12,22,2000
Alvin and the Chipmunks: The Squeakquel,3700,13209,12/23/2009,Twentieth Century Fox,Winter,Yes,12,23,2009
Daddy's Home,3271,11843,12/25/2015,Paramount Pictures,Winter,Yes,12,25,2015
Into the Woods,2440,12726,12/25/2014,Walt Disney Studios Motion Pictures,Winter,Yes,12,25,2014
Unbroken,3131,9780,12/25/2014,Universal Pictures,Winter,Yes,12,25,2014
Django Unchained,3010,10007,12/25/2012,The Weinstein Company,Winter,Yes,12,25,2012
Les Misérables,2814,9695,12/25/2012,Universal Pictures,Winter,Yes,12,25,2012
Sherlock Holmes,3626,17182,12/25/2009,Warner Bros.,Winter,Yes,12,25,2009
It's Complicated,2887,7655,12/25/2009,Universal Pictures,Winter,Yes,12,25,2009
Marley & Me,3480,10447,12/25/2008,Twentieth Century Fox,Winter,Yes,12,25,2008
Bedtime Stories,3681,7457,12/25/2008,Walt Disney Studios Motion Pictures,Winter,Yes,12,25,2008
The Curious Case of Benjamin Button,2988,8987,12/25/2008,Paramount Pictures,Winter,Yes,12,25,2008
Cheaper by the Dozen,3298,8355,12/25/2003,Twentieth Century Fox,Winter,Yes,12,25,2003
Catch Me If You Can,3156,9522,12/25/2002,DreamWorks Distribution,Winter,Yes,12,25,2002
Patch Adams,2712,9315,12/25/1998,Universal Pictures,Winter,Yes,12,25,1998
